phone,data_gb,call_min,vas_sub,daily_data_used,Weekly_data_used,Monthly_data_used,av_expired_data,daily_av_call,weekly_av_call,monthly_av_call,manual_recommendation,manual_incentive
7039335665,1.09,59,True,1.36gb,8.7gb,29.88gb,995mb,14min,70min,210min,Auto-generated MTN recommendation,Airtime
8136254505,0.28,382,False,1.78gb,9.19gb,39.69gb,65mb,5min,35min,175min,Auto-generated MTN recommendation,Data
8067021183,4.59,94,True,1.2gb,6.45gb,31.46gb,9mb,4min,20min,60min,Auto-generated MTN recommendation,Data
7036721173,1.7,144,False,44mb,301mb,1.1gb,1.4gb,53min,212min,1060min,Auto-generated MTN recommendation,Airtime
7067541492,0.13,191,True,192mb,1.05gb,3.68gb,68mb,16min,96min,384min,Auto-generated MTN recommendation,None
8038080357,13.15,12,False,253mb,1.3gb,5.44gb,11.19gb,13min,52min,260min,Auto-generated MTN recommendation,Airtime
9033867463,0.23,346,True,1.33gb,6.45gb,24.15gb,212mb,14min,56min,224min,Auto-generated MTN recommendation,None
9065167120,2.72,118,True,1.86gb,12.46gb,53.7gb,1.47gb,60min,300min,1500min,Auto-generated MTN recommendation,Data
8138909631,0.07,213,False,1.06gb,4.94gb,18.05gb,51mb,49min,343min,1715min,Auto-generated MTN recommendation,None
8138206474,2.99,87,True,534mb,3.55gb,17.55gb,1.33gb,1min,4min,12min,Auto-generated MTN recommendation,Data
7031488496,10.02,11,True,1.59gb,6.87gb,33.32gb,5.22gb,17min,119min,476min,Auto-generated MTN recommendation,Data
8032305816,0.04,259,False,1.97gb,11.25gb,37.0gb,9mb,15min,90min,270min,Auto-generated MTN recommendation,None
7036380983,1.77,62,False,1.25gb,6.4gb,31.9gb,1.45gb,16min,96min,384min,Auto-generated MTN recommendation,None
9069395998,2.3,121,False,142mb,828mb,2.95gb,431mb,49min,294min,1470min,Auto-generated MTN recommendation,Airtime
7037765656,5.49,81,True,1.46gb,6.94gb,31.08gb,4.53gb,46min,276min,1380min,Auto-generated MTN recommendation,Airtime
7064700859,1.93,136,False,274mb,1.42gb,6.48gb,291mb,41min,246min,738min,Auto-generated MTN recommendation,None
8038647613,0.2,210,False,1.88gb,10.75gb,42.62gb,56mb,23min,138min,690min,Auto-generated MTN recommendation,Airtime
7062279507,7.73,117,False,1.41gb,6.74gb,29.02gb,1.44gb,21min,84min,252min,Auto-generated MTN recommendation,Data
8037952304,1.78,83,False,135mb,693mb,2.86gb,927mb,60min,240min,1200min,Auto-generated MTN recommendation,None
8065729459,3.06,83,False,1.98gb,10.61gb,51.51gb,2.93gb,29min,174min,696min,Auto-generated MTN recommendation,Data
8169830584,5.09,90,False,836mb,4.23gb,14.55gb,3.34gb,18min,90min,270min,Auto-generated MTN recommendation,None
8131115887,3.92,71,False,1.5gb,9.91gb,31.18gb,1.02gb,31min,186min,744min,Auto-generated MTN recommendation,Airtime
8166665300,19.02,52,False,1.15gb,5.94gb,19.85gb,10.94gb,32min,160min,800min,Auto-generated MTN recommendation,Airtime
8138134129,0.06,164,True,1.89gb,12.28gb,38.24gb,0mb,45min,225min,1125min,Auto-generated MTN recommendation,Data
8036926926,13.93,85,True,1.45gb,7.94gb,27.52gb,2.45gb,53min,371min,1855min,Auto-generated MTN recommendation,Airtime
7062848078,0.75,130,True,1.24gb,5.7gb,26.01gb,108mb,19min,114min,342min,Auto-generated MTN recommendation,Airtime
8134176126,0.3,135,True,925mb,3.81gb,11.63gb,132mb,52min,208min,832min,Auto-generated MTN recommendation,Airtime
8035456079,4.27,105,True,585mb,2.74gb,12.92gb,4.16gb,41min,246min,984min,Auto-generated MTN recommendation,Airtime
8037164442,1.93,119,True,1.72gb,7.34gb,34.37gb,1.6gb,26min,182min,728min,Auto-generated MTN recommendation,None
8162035753,0.2,310,True,867mb,4.33gb,20.81gb,41mb,19min,114min,342min,Auto-generated MTN recommendation,None
8063677900,9.54,29,True,1.1gb,5.56gb,18.86gb,534mb,53min,318min,954min,Auto-generated MTN recommendation,Data
9062468344,2.75,73,False,1.92gb,11.86gb,56.97gb,210mb,36min,252min,1260min,Auto-generated MTN recommendation,Data
9036135576,6.87,71,False,763mb,4.15gb,16.02gb,1.98gb,45min,315min,945min,Auto-generated MTN recommendation,Data
8162797294,0.02,300,True,799mb,4.75gb,21.52gb,3mb,40min,240min,720min,Auto-generated MTN recommendation,Data
8061901704,6.89,62,False,1.82gb,7.66gb,23.65gb,3.02gb,25min,125min,625min,Auto-generated MTN recommendation,None
7067451732,7.76,45,True,1.76gb,7.62gb,31.56gb,4.45gb,4min,24min,96min,Auto-generated MTN recommendation,Airtime
7034799790,7.3,35,False,827mb,4.75gb,14.71gb,5.92gb,15min,105min,420min,Auto-generated MTN recommendation,None
8063206549,0.21,263,True,377mb,2.26gb,7.35gb,185mb,58min,406min,1218min,Auto-generated MTN recommendation,Airtime
7069676423,1.98,119,True,834mb,4.68gb,22.9gb,898mb,52min,364min,1456min,Auto-generated MTN recommendation,None
8061981630,13.99,90,True,1.42gb,8.52gb,33.29gb,12.08gb,45min,225min,900min,Auto-generated MTN recommendation,Airtime
9061619926,13.04,77,True,1.77gb,8.87gb,38.26gb,10.24gb,37min,185min,925min,Auto-generated MTN recommendation,Data
7067221933,6.97,58,False,783mb,4.0gb,19.25gb,211mb,39min,234min,1170min,Auto-generated MTN recommendation,Airtime
9066071954,0.19,304,False,1.15gb,5.63gb,18.53gb,164mb,54min,324min,1620min,Auto-generated MTN recommendation,Airtime
7036238792,0.23,325,False,749mb,4.17gb,15.71gb,206mb,22min,110min,440min,Auto-generated MTN recommendation,Airtime
9067061128,22.95,79,False,458mb,2.75gb,10.77gb,19.56gb,41min,205min,615min,Auto-generated MTN recommendation,Data
7037012089,3.19,75,False,428mb,2.12gb,9.16gb,744mb,25min,175min,525min,Auto-generated MTN recommendation,Airtime
9034528264,7.59,68,False,798mb,4.03gb,12.78gb,5.14gb,7min,49min,196min,Auto-generated MTN recommendation,Airtime
8138521727,4.88,97,False,1.91gb,9.65gb,32.16gb,4.77gb,36min,216min,864min,Auto-generated MTN recommendation,None
8133108789,2.97,123,False,337mb,1.34gb,4.19gb,481mb,30min,150min,750min,Auto-generated MTN recommendation,None
7034136797,21.47,21,False,303mb,1.69gb,5.81gb,13.91gb,2min,12min,48min,Auto-generated MTN recommendation,Data
7039228343,1.65,87,True,1.05gb,6.08gb,28.02gb,1.61gb,13min,78min,312min,Auto-generated MTN recommendation,Data
8034943826,1.85,52,True,849mb,4.13gb,20.31gb,942mb,33min,231min,693min,Auto-generated MTN recommendation,Airtime
8167553502,0.67,101,True,882mb,4.07gb,16.6gb,299mb,22min,154min,616min,Auto-generated MTN recommendation,Airtime
8168654495,0.3,343,True,1.45gb,9.76gb,48.75gb,144mb,36min,144min,720min,Auto-generated MTN recommendation,None
7031310814,0.08,269,True,1.81gb,9.26gb,44.07gb,21mb,51min,306min,1530min,Auto-generated MTN recommendation,Airtime
8033463478,3.9,105,True,1.61gb,10.7gb,42.44gb,1.08gb,38min,190min,570min,Auto-generated MTN recommendation,Airtime
7039354586,8.14,52,True,952mb,5.12gb,21.18gb,1.78gb,46min,322min,1288min,Auto-generated MTN recommendation,Data
8037411570,2.59,147,True,1.36gb,8.59gb,38.53gb,1.35gb,16min,64min,192min,Auto-generated MTN recommendation,Airtime
9031855669,0.25,168,False,1.36gb,6.82gb,24.32gb,137mb,18min,90min,360min,Auto-generated MTN recommendation,Airtime
8039720005,0.2,221,False,737mb,3.22gb,13.08gb,13mb,9min,63min,252min,Auto-generated MTN recommendation,None
8135505626,0.06,362,False,1.0gb,4.65gb,18.69gb,16mb,17min,119min,595min,Auto-generated MTN recommendation,Data
7031712271,7.88,111,True,1.34gb,8.72gb,39.5gb,794mb,58min,232min,1160min,Auto-generated MTN recommendation,None
7064889994,0.29,324,False,1.96gb,8.95gb,35.32gb,113mb,48min,240min,960min,Auto-generated MTN recommendation,Airtime
8168838282,0.14,237,True,1.7gb,8.76gb,38.83gb,111mb,43min,172min,860min,Auto-generated MTN recommendation,None
8063794262,0.57,67,True,1.46gb,7.09gb,33.24gb,421mb,10min,60min,240min,Auto-generated MTN recommendation,None
8066498629,0.09,240,True,769mb,3.24gb,11.29gb,41mb,41min,287min,1435min,Auto-generated MTN recommendation,Airtime
8139608746,2.51,147,False,335mb,1.43gb,5.92gb,352mb,37min,222min,888min,Auto-generated MTN recommendation,None
8064218798,6.96,89,False,1.75gb,8.65gb,39.48gb,6.0gb,34min,204min,1020min,Auto-generated MTN recommendation,None
9031095289,1.48,82,False,1.58gb,6.96gb,28.7gb,1.29gb,40min,200min,600min,Auto-generated MTN recommendation,None
9038429667,0.66,144,False,973mb,5.94gb,25.44gb,61mb,5min,35min,105min,Auto-generated MTN recommendation,Data
8066590799,0.07,348,True,935mb,4.02gb,13.7gb,22mb,13min,52min,260min,Auto-generated MTN recommendation,Data
8063077815,0.72,90,True,92mb,638mb,2.65gb,734mb,12min,72min,360min,Auto-generated MTN recommendation,Data
9033267880,0.16,321,False,1.72gb,8.34gb,40.3gb,20mb,18min,108min,324min,Auto-generated MTN recommendation,Data
8039415211,4.72,86,True,1.78gb,12.28gb,59.05gb,29mb,15min,105min,525min,Auto-generated MTN recommendation,Data
7064122271,1.59,105,False,118mb,781mb,3.78gb,1.14gb,42min,210min,1050min,Auto-generated MTN recommendation,None
7038239925,0.03,369,True,150mb,947mb,4.57gb,12mb,50min,250min,1250min,Auto-generated MTN recommendation,Airtime
9034307552,19.97,69,False,1.61gb,10.68gb,41.85gb,16.49gb,39min,273min,1365min,Auto-generated MTN recommendation,None
9033854103,1.26,103,True,1.71gb,10.64gb,45.82gb,941mb,25min,125min,500min,Auto-generated MTN recommendation,None
8036434833,4.52,44,True,1.7gb,9.81gb,46.16gb,850mb,48min,240min,720min,Auto-generated MTN recommendation,None
8031720700,6.08,92,True,981mb,6.7gb,24.17gb,5.89gb,9min,36min,180min,Auto-generated MTN recommendation,Airtime
9063165907,3.71,78,False,1.02gb,5.07gb,24.15gb,2.89gb,22min,110min,330min,Auto-generated MTN recommendation,Data
9039494789,0.24,285,True,1.6gb,9.2gb,33.82gb,84mb,51min,357min,1428min,Auto-generated MTN recommendation,Airtime
7066313036,2.91,108,True,966mb,6.16gb,29.54gb,2.49gb,13min,91min,455min,Auto-generated MTN recommendation,None
7067900745,0.06,107,True,880mb,4.61gb,21.92gb,44mb,39min,273min,1092min,Auto-generated MTN recommendation,None
7032595888,0.04,297,True,1.87gb,7.6gb,23.93gb,0mb,32min,128min,640min,Auto-generated MTN recommendation,None
8166134189,3.39,62,False,1.59gb,8.28gb,33.72gb,2.28gb,14min,84min,252min,Auto-generated MTN recommendation,Airtime
7069129029,3.74,71,False,670mb,3.84gb,17.79gb,1.18gb,55min,275min,825min,Auto-generated MTN recommendation,None
9065760543,7.25,119,False,1.22gb,7.61gb,28.8gb,4.35gb,7min,35min,140min,Auto-generated MTN recommendation,None
8134530153,7.55,113,True,1.01gb,4.42gb,14.85gb,3.2gb,42min,168min,504min,Auto-generated MTN recommendation,Data
7065577962,1.58,100,True,259mb,1.16gb,5.03gb,265mb,3min,15min,75min,Auto-generated MTN recommendation,None
7031632338,0.16,119,True,1.29gb,7.95gb,28.01gb,122mb,35min,245min,980min,Auto-generated MTN recommendation,Data
7069377823,7.57,38,True,1.91gb,12.84gb,56.95gb,5.37gb,2min,10min,30min,Auto-generated MTN recommendation,None
8067662827,0.99,136,True,601mb,2.82gb,9.74gb,365mb,1min,7min,28min,Auto-generated MTN recommendation,Data
8061089792,1.92,88,True,999mb,6.76gb,28.92gb,1.75gb,9min,45min,225min,Auto-generated MTN recommendation,None
9061706984,7.08,87,False,1.25gb,5.99gb,27.67gb,1.39gb,44min,176min,704min,Auto-generated MTN recommendation,Airtime
7037779669,0.21,210,True,1.98gb,10.62gb,47.15gb,46mb,47min,329min,987min,Auto-generated MTN recommendation,Airtime
7066148187,0.07,267,True,1.63gb,8.87gb,42.58gb,64mb,2min,14min,56min,Auto-generated MTN recommendation,Data
8065275654,1.43,100,True,465mb,1.99gb,8.05gb,1.32gb,13min,91min,364min,Auto-generated MTN recommendation,None
8037160941,1.63,96,False,148mb,912mb,3.32gb,1.04gb,7min,28min,84min,Auto-generated MTN recommendation,None
7039532808,4.94,90,False,1.24gb,8.6gb,37.23gb,4.55gb,48min,240min,1200min,Auto-generated MTN recommendation,Data
8062112876,21.82,48,False,1.44gb,5.89gb,17.99gb,15.21gb,26min,104min,312min,Auto-generated MTN recommendation,Data
8066343771,4.52,112,True,479mb,3.15gb,15.37gb,1.7gb,20min,80min,400min,Auto-generated MTN recommendation,Data
8138907603,6.27,77,False,486mb,1.96gb,8.36gb,5.95gb,30min,120min,360min,Auto-generated MTN recommendation,Data
9036222395,0.12,149,False,1.59gb,9.98gb,35.79gb,77mb,15min,60min,240min,Auto-generated MTN recommendation,Data
8162727095,5.42,105,True,1.83gb,8.75gb,26.55gb,4.26gb,0min,0min,0min,Auto-generated MTN recommendation,None
7037788119,1.91,52,False,712mb,3.24gb,10.08gb,1.73gb,37min,259min,777min,Auto-generated MTN recommendation,None
8132618223,2.6,71,True,1.78gb,11.6gb,49.17gb,2.26gb,6min,30min,150min,Auto-generated MTN recommendation,Airtime
7031329973,0.71,101,False,971mb,6.39gb,26.21gb,36mb,38min,190min,570min,Auto-generated MTN recommendation,Airtime
7062906091,0.06,237,False,1.94gb,11.58gb,57.02gb,28mb,46min,230min,920min,Auto-generated MTN recommendation,Airtime
7033754347,2.77,55,True,822mb,4.34gb,17.7gb,974mb,46min,230min,920min,Auto-generated MTN recommendation,Data
8064472755,4.71,47,True,274mb,1.82gb,6.29gb,3.29gb,36min,216min,864min,Auto-generated MTN recommendation,Airtime
7033062420,2.27,107,False,71mb,380mb,1.19gb,200mb,26min,130min,520min,Auto-generated MTN recommendation,None
7064774293,1.46,128,True,1.12gb,6.65gb,22.49gb,950mb,10min,60min,180min,Auto-generated MTN recommendation,Airtime
7031118391,0.04,305,False,550mb,3.65gb,12.91gb,13mb,30min,150min,450min,Auto-generated MTN recommendation,Airtime
8069710393,0.14,107,False,1.23gb,6.45gb,20.5gb,120mb,1min,4min,16min,Auto-generated MTN recommendation,None
9036640104,0.27,159,True,574mb,3.32gb,10.14gb,19mb,33min,231min,924min,Auto-generated MTN recommendation,None
8038799552,0.3,168,True,1.91gb,9.45gb,32.65gb,71mb,41min,246min,738min,Auto-generated MTN recommendation,Airtime
8167693147,2.41,83,False,132mb,590mb,2.43gb,1.49gb,28min,168min,504min,Auto-generated MTN recommendation,None
9068888516,3.77,115,False,618mb,3.79gb,16.97gb,2.3gb,24min,168min,672min,Auto-generated MTN recommendation,None
7063340173,2.01,90,False,325mb,1.71gb,5.7gb,1.62gb,3min,18min,90min,Auto-generated MTN recommendation,Airtime
9063632589,5.61,36,True,1.4gb,6.94gb,34.67gb,5.0gb,52min,312min,1248min,Auto-generated MTN recommendation,Airtime
8132365501,0.53,127,True,1.73gb,11.1gb,37.23gb,504mb,14min,70min,210min,Auto-generated MTN recommendation,Airtime
7065180912,2.16,135,True,1.22gb,5.72gb,28.4gb,2.11gb,54min,324min,1620min,Auto-generated MTN recommendation,Data
7066046743,0.76,73,False,715mb,3.48gb,14.14gb,507mb,27min,162min,810min,Auto-generated MTN recommendation,None
8031481796,0.3,108,False,1.12gb,5.45gb,24.44gb,223mb,24min,120min,480min,Auto-generated MTN recommendation,None
8066680256,13.48,67,False,1.16gb,4.77gb,14.35gb,11.4gb,42min,210min,630min,Auto-generated MTN recommendation,None
9064764725,2.33,60,False,1.7gb,10.48gb,40.91gb,485mb,4min,28min,140min,Auto-generated MTN recommendation,Airtime
8068989152,1.04,71,False,1.06gb,6.64gb,21.98gb,755mb,55min,330min,1650min,Auto-generated MTN recommendation,None
9069773223,5.67,58,False,1.28gb,7.71gb,36.87gb,1.63gb,42min,294min,1470min,Auto-generated MTN recommendation,None
9036052018,1.65,94,False,96mb,545mb,2.1gb,929mb,21min,84min,420min,Auto-generated MTN recommendation,Airtime
8164334173,11.27,45,True,111mb,701mb,2.52gb,7.27gb,36min,144min,720min,Auto-generated MTN recommendation,None
7035562084,10.56,40,False,782mb,3.71gb,15.26gb,1.34gb,40min,200min,800min,Auto-generated MTN recommendation,Data
8065292940,2.35,55,True,997mb,4.11gb,14.22gb,2.33gb,28min,112min,560min,Auto-generated MTN recommendation,Data
7064321015,1.62,85,True,1.54gb,9.55gb,33.08gb,744mb,12min,84min,420min,Auto-generated MTN recommendation,Data
7061826768,6.37,108,False,1.07gb,4.37gb,15.55gb,6.33gb,45min,315min,1260min,Auto-generated MTN recommendation,None
9039945291,10.53,47,True,880mb,4.22gb,18.78gb,7.42gb,44min,308min,1540min,Auto-generated MTN recommendation,Data
8162791617,1.96,81,True,606mb,2.44gb,10.71gb,1.8gb,39min,195min,975min,Auto-generated MTN recommendation,Data
8063442739,5.63,54,False,1.26gb,8.67gb,32.26gb,5.04gb,14min,70min,210min,Auto-generated MTN recommendation,None
8135053514,4.36,111,True,334mb,1.77gb,7.26gb,192mb,42min,210min,630min,Auto-generated MTN recommendation,Data
7031771825,2.05,78,False,1.15gb,5.17gb,17.25gb,2.04gb,46min,184min,736min,Auto-generated MTN recommendation,None
9035150353,0.05,186,False,1.24gb,6.06gb,26.69gb,14mb,4min,16min,48min,Auto-generated MTN recommendation,Airtime
7032879039,1.16,72,True,1.17gb,5.31gb,16.44gb,321mb,47min,188min,564min,Auto-generated MTN recommendation,None
8169096929,1.18,145,True,1.74gb,9.51gb,38.34gb,731mb,46min,184min,736min,Auto-generated MTN recommendation,Airtime
7036772575,4.63,107,False,1.74gb,7.05gb,27.87gb,2.13gb,48min,288min,1152min,Auto-generated MTN recommendation,None
8164398621,5.83,114,True,1.98gb,11.45gb,51.94gb,3.77gb,29min,203min,1015min,Auto-generated MTN recommendation,Data
8133918952,1.8,145,True,1.33gb,5.44gb,24.36gb,558mb,25min,150min,600min,Auto-generated MTN recommendation,Data
9064767980,5.12,50,True,1.81gb,11.16gb,47.57gb,3.01gb,47min,188min,564min,Auto-generated MTN recommendation,Data
8164175580,0.05,112,False,920mb,4.1gb,12.96gb,51mb,19min,133min,399min,Auto-generated MTN recommendation,Data
7038710190,0.61,86,True,1.46gb,7.01gb,27.94gb,196mb,52min,208min,1040min,Auto-generated MTN recommendation,None
8167738246,0.03,367,False,1.22gb,5.36gb,24.27gb,16mb,4min,28min,84min,Auto-generated MTN recommendation,Airtime
8067116128,3.14,103,True,782mb,4.88gb,18.78gb,1.17gb,58min,232min,928min,Auto-generated MTN recommendation,None
9038216055,0.51,102,True,359mb,2.06gb,7.45gb,425mb,48min,240min,720min,Auto-generated MTN recommendation,Data
8063731189,7.35,102,False,251mb,1.36gb,5.52gb,5.07gb,34min,136min,680min,Auto-generated MTN recommendation,Airtime
8061411784,18.61,93,True,457mb,2.83gb,12.9gb,17.32gb,3min,18min,72min,Auto-generated MTN recommendation,None
8163559798,0.1,314,False,559mb,2.51gb,9.68gb,88mb,47min,188min,752min,Auto-generated MTN recommendation,Airtime
9031893130,4.23,119,False,793mb,3.42gb,14.58gb,3.55gb,48min,192min,576min,Auto-generated MTN recommendation,Airtime
8063921952,0.09,281,True,1.74gb,9.3gb,38.35gb,59mb,33min,198min,792min,Auto-generated MTN recommendation,Airtime
8169259665,0.15,387,True,450mb,1.97gb,6.31gb,5mb,56min,224min,1120min,Auto-generated MTN recommendation,Data
7061714756,0.16,301,True,1.9gb,11.82gb,56.77gb,54mb,31min,217min,651min,Auto-generated MTN recommendation,Data
7033434545,2.02,99,False,1.72gb,8.19gb,26.35gb,1.61gb,17min,119min,595min,Auto-generated MTN recommendation,Data
9066991874,2.81,87,True,1.5gb,10.44gb,31.52gb,741mb,43min,215min,860min,Auto-generated MTN recommendation,None
9064593573,2.45,143,True,198mb,827mb,2.93gb,592mb,35min,140min,420min,Auto-generated MTN recommendation,Airtime
8033239565,2.09,55,True,1.0gb,5.38gb,18.58gb,668mb,1min,6min,24min,Auto-generated MTN recommendation,Data
8139531972,4.28,82,True,829mb,4.44gb,19.37gb,1.11gb,55min,275min,825min,Auto-generated MTN recommendation,Airtime
8163540412,2.41,130,True,747mb,4.57gb,16.25gb,1.36gb,8min,56min,224min,Auto-generated MTN recommendation,Data
7035198126,7.79,72,False,1.66gb,11.24gb,54.3gb,162mb,13min,65min,260min,Auto-generated MTN recommendation,None
9067090922,6.12,59,True,1.86gb,11.66gb,49.22gb,3.27gb,45min,270min,1080min,Auto-generated MTN recommendation,Data
7035094717,7.72,98,True,265mb,1.24gb,4.55gb,5.89gb,49min,343min,1029min,Auto-generated MTN recommendation,Data
8163474963,0.21,218,True,883mb,5.92gb,26.15gb,14mb,56min,280min,1400min,Auto-generated MTN recommendation,Data
9033152905,2.96,104,False,1.3gb,5.48gb,20.72gb,1.12gb,8min,56min,224min,Auto-generated MTN recommendation,Data
7066937230,21.84,47,True,424mb,1.87gb,8.55gb,8.52gb,57min,285min,1425min,Auto-generated MTN recommendation,None
9035534580,9.2,26,False,258mb,1.69gb,5.31gb,7.63gb,52min,260min,1040min,Auto-generated MTN recommendation,None
8064279779,3.77,88,True,1.51gb,10.27gb,38.25gb,1.78gb,41min,287min,1435min,Auto-generated MTN recommendation,Airtime
9034607747,1.06,106,True,289mb,1.95gb,8.32gb,1.03gb,57min,342min,1710min,Auto-generated MTN recommendation,None
8164768039,7.17,33,False,1.63gb,6.89gb,24.45gb,3.73gb,2min,8min,40min,Auto-generated MTN recommendation,Airtime
9036014579,1.32,56,True,1.2gb,5.69gb,19.39gb,1.2gb,17min,85min,340min,Auto-generated MTN recommendation,Data
7062062222,0.28,400,False,25mb,105mb,470mb,137mb,34min,204min,612min,Auto-generated MTN recommendation,Data
7067045165,19.09,34,True,1.57gb,6.59gb,20.5gb,4.84gb,41min,287min,1435min,Auto-generated MTN recommendation,None
8032560622,0.76,126,False,997mb,6.67gb,25.31gb,57mb,16min,80min,400min,Auto-generated MTN recommendation,Airtime
7038806274,0.25,298,True,1.56gb,6.91gb,23.6gb,41mb,28min,168min,672min,Auto-generated MTN recommendation,Data
8032698148,2.13,63,False,781mb,4.35gb,13.66gb,1.01gb,36min,144min,432min,Auto-generated MTN recommendation,Airtime
8039991222,7.73,91,True,656mb,4.11gb,17.48gb,1007mb,32min,224min,1120min,Auto-generated MTN recommendation,None
7038188496,4.93,106,False,392mb,1.58gb,7.26gb,4.16gb,32min,160min,800min,Auto-generated MTN recommendation,Data
9032598905,3.95,75,True,1.06gb,5.75gb,21.94gb,2.8gb,56min,336min,1680min,Auto-generated MTN recommendation,Data
7033404264,7.05,90,False,1.01gb,5.89gb,23.95gb,116mb,0min,0min,0min,Auto-generated MTN recommendation,None
7066645969,2.31,89,False,1.65gb,9.15gb,39.19gb,589mb,37min,259min,777min,Auto-generated MTN recommendation,Airtime
9061515018,0.13,147,True,909mb,4.43gb,18.9gb,23mb,10min,70min,210min,Auto-generated MTN recommendation,None
8038034235,18.48,31,True,1.18gb,7.34gb,26.75gb,2.45gb,44min,308min,1540min,Auto-generated MTN recommendation,Data
8039165644,5.2,69,False,1.51gb,7.9gb,27.29gb,228mb,29min,145min,580min,Auto-generated MTN recommendation,None
8134194616,1.84,121,False,1.33gb,6.61gb,32.83gb,1.5gb,15min,60min,180min,Auto-generated MTN recommendation,Airtime
7067836005,1.32,51,False,1.61gb,7.69gb,24.6gb,1.31gb,23min,92min,276min,Auto-generated MTN recommendation,Airtime
9066087070,0.9,132,False,130mb,907mb,3.33gb,231mb,0min,0min,0min,Auto-generated MTN recommendation,None
9064621690,0.05,107,True,956mb,5.27gb,15.97gb,40mb,32min,224min,672min,Auto-generated MTN recommendation,Airtime
8139254465,6.0,36,False,1.08gb,7.41gb,32.42gb,4.24gb,52min,208min,1040min,Auto-generated MTN recommendation,Airtime
9063891820,0.11,101,True,125mb,713mb,3.0gb,100mb,4min,28min,112min,Auto-generated MTN recommendation,Airtime
7033779556,2.13,148,True,1.92gb,9.51gb,37.07gb,464mb,24min,96min,480min,Auto-generated MTN recommendation,Data
8132474405,1.38,110,True,355mb,1.6gb,6.43gb,567mb,51min,357min,1071min,Auto-generated MTN recommendation,None
9039288800,3.01,91,True,1.23gb,6.34gb,19.65gb,2.0gb,38min,190min,950min,Auto-generated MTN recommendation,Data
8164964347,13.59,65,False,1.55gb,10.35gb,31.38gb,6.97gb,8min,40min,120min,Auto-generated MTN recommendation,None
8166782691,3.33,100,True,429mb,2.88gb,13.97gb,547mb,11min,55min,220min,Auto-generated MTN recommendation,Airtime
7035450492,0.09,113,False,1.44gb,8.71gb,32.58gb,20mb,44min,264min,1320min,Auto-generated MTN recommendation,None
8066024791,0.07,365,True,1.41gb,9.05gb,29.29gb,36mb,51min,357min,1785min,Auto-generated MTN recommendation,Airtime
8138988528,17.72,26,True,31mb,180mb,635mb,4.66gb,60min,420min,1260min,Auto-generated MTN recommendation,None
9034160696,2.46,51,True,1.35gb,6.95gb,27.33gb,2.02gb,16min,64min,192min,Auto-generated MTN recommendation,Airtime
8131351390,2.82,107,True,1.49gb,6.09gb,28.33gb,1.36gb,57min,399min,1995min,Auto-generated MTN recommendation,None
7069444189,0.16,107,True,1.78gb,10.83gb,38.56gb,110mb,26min,156min,624min,Auto-generated MTN recommendation,None
7037369432,5.22,80,False,804mb,5.18gb,21.57gb,4.2gb,26min,104min,520min,Auto-generated MTN recommendation,None
9062952226,0.06,318,False,57mb,345mb,1.48gb,34mb,17min,119min,357min,Auto-generated MTN recommendation,None
7065557366,1.7,105,False,1.54gb,10.01gb,33.68gb,373mb,11min,55min,275min,Auto-generated MTN recommendation,Airtime
9063142182,12.24,53,True,611mb,3.47gb,16.59gb,4.94gb,43min,215min,1075min,Auto-generated MTN recommendation,Data
9066934582,2.31,130,False,887mb,4.31gb,14.18gb,753mb,5min,20min,60min,Auto-generated MTN recommendation,None
8131669240,9.7,48,False,1.84gb,11.82gb,49.92gb,208mb,47min,329min,987min,Auto-generated MTN recommendation,None
7061205646,15.36,59,False,1.37gb,8.65gb,35.73gb,8.28gb,29min,203min,609min,Auto-generated MTN recommendation,Data
8066587968,2.44,102,False,499mb,2.39gb,7.49gb,2.19gb,25min,150min,750min,Auto-generated MTN recommendation,Airtime
9037276312,2.94,134,True,62mb,305mb,1.17gb,2.32gb,49min,196min,980min,Auto-generated MTN recommendation,None
9069973807,2.52,110,False,1.47gb,8.12gb,27.05gb,2.33gb,49min,245min,1225min,Auto-generated MTN recommendation,None
7032997845,20.79,58,True,753mb,3.34gb,11.04gb,5.42gb,53min,265min,795min,Auto-generated MTN recommendation,Airtime
9034148349,0.06,338,False,763mb,4.25gb,12.95gb,17mb,57min,228min,684min,Auto-generated MTN recommendation,Airtime
8068314059,0.07,174,True,1.02gb,6.94gb,23.19gb,70mb,30min,120min,600min,Auto-generated MTN recommendation,None
8161723802,11.22,28,False,1.6gb,9.07gb,39.56gb,2.12gb,35min,140min,420min,Auto-generated MTN recommendation,Airtime
7034062406,22.24,23,True,718mb,4.66gb,15.58gb,22.19gb,53min,318min,954min,Auto-generated MTN recommendation,Data
9039367679,2.74,54,True,179mb,1.2gb,3.9gb,2.58gb,15min,75min,375min,Auto-generated MTN recommendation,Data
8061631390,2.22,95,True,1.66gb,7.4gb,36.68gb,859mb,6min,30min,150min,Auto-generated MTN recommendation,None
8031723838,0.22,143,True,311mb,2.0gb,6.03gb,7mb,20min,80min,320min,Auto-generated MTN recommendation,Airtime
7034325079,0.72,88,True,505mb,2.34gb,11.03gb,342mb,28min,140min,700min,Auto-generated MTN recommendation,Data
8038671200,0.16,262,True,574mb,2.53gb,9.91gb,127mb,35min,210min,630min,Auto-generated MTN recommendation,None
8061574471,0.63,130,False,90mb,457mb,1.51gb,154mb,11min,77min,231min,Auto-generated MTN recommendation,Data
7064818178,0.55,83,False,594mb,3.41gb,16.26gb,509mb,54min,216min,864min,Auto-generated MTN recommendation,Airtime
7066002718,0.11,270,True,1.3gb,6.31gb,29.39gb,0mb,38min,228min,684min,Auto-generated MTN recommendation,Data
8161964066,2.52,50,True,125mb,811mb,2.75gb,2.26gb,50min,200min,1000min,Auto-generated MTN recommendation,Airtime
7065288726,0.12,105,False,402mb,2.32gb,11.44gb,9mb,39min,234min,936min,Auto-generated MTN recommendation,Data
8063346117,7.7,111,False,1.27gb,8.49gb,39.83gb,1.37gb,14min,84min,252min,Auto-generated MTN recommendation,None
8136987311,2.36,147,True,64mb,368mb,1.51gb,2.15gb,21min,126min,504min,Auto-generated MTN recommendation,None
7064938400,9.01,37,True,955mb,6.43gb,20.74gb,2.71gb,28min,140min,700min,Auto-generated MTN recommendation,None
7037840624,2.86,106,True,125mb,618mb,2.12gb,2.86gb,27min,108min,540min,Auto-generated MTN recommendation,Data
8168847793,2.98,69,True,1.03gb,6.05gb,21.86gb,653mb,46min,276min,828min,Auto-generated MTN recommendation,Data
8139829283,1.63,50,False,1.56gb,10.19gb,33.08gb,1.41gb,60min,360min,1800min,Auto-generated MTN recommendation,Airtime
7065603998,13.28,65,True,1.6gb,9.44gb,28.56gb,12.89gb,37min,148min,592min,Auto-generated MTN recommendation,None
9068059377,0.18,209,True,1.4gb,5.97gb,26.26gb,120mb,21min,147min,735min,Auto-generated MTN recommendation,Data
8168312537,24.04,74,True,1.06gb,6.59gb,24.27gb,13.74gb,31min,124min,620min,Auto-generated MTN recommendation,Data
7034455038,6.75,108,True,375mb,2.47gb,11.15gb,6.32gb,13min,52min,156min,Auto-generated MTN recommendation,None
8135878874,6.91,98,False,1.0gb,6.21gb,30.4gb,5.44gb,40min,200min,600min,Auto-generated MTN recommendation,Airtime
8031695861,0.16,396,True,82mb,388mb,1.56gb,34mb,53min,371min,1855min,Auto-generated MTN recommendation,Data
8061097400,0.03,304,False,1.14gb,5.73gb,22.45gb,23mb,43min,215min,645min,Auto-generated MTN recommendation,None
9069709372,22.81,70,True,641mb,3.94gb,15.41gb,12.54gb,44min,176min,528min,Auto-generated MTN recommendation,None
8139887103,2.55,91,True,1.02gb,5.65gb,19.3gb,1.67gb,57min,285min,855min,Auto-generated MTN recommendation,Airtime
8063386586,20.95,66,True,241mb,1.31gb,4.55gb,4.7gb,40min,200min,600min,Auto-generated MTN recommendation,None
9037684841,0.21,248,False,1.57gb,8.53gb,26.55gb,46mb,22min,110min,440min,Auto-generated MTN recommendation,Data
8061290343,1.93,125,False,1.18gb,6.09gb,21.32gb,1.04gb,48min,240min,720min,Auto-generated MTN recommendation,Airtime
8033120543,2.43,129,False,36mb,238mb,833mb,2.33gb,30min,120min,480min,Auto-generated MTN recommendation,Data
9032747970,20.15,68,True,811mb,4.36gb,19.03gb,11.74gb,10min,60min,180min,Auto-generated MTN recommendation,Airtime
7034434645,2.67,147,False,1.21gb,6.33gb,31.01gb,1.3gb,46min,322min,1610min,Auto-generated MTN recommendation,Airtime
8163094824,2.23,149,False,1.97gb,9.21gb,32.14gb,2.03gb,10min,70min,210min,Auto-generated MTN recommendation,Data
8165495320,0.08,263,False,1.94gb,12.86gb,55.01gb,2mb,42min,252min,1260min,Auto-generated MTN recommendation,None
8067342515,1.19,143,True,984mb,5.33gb,20.41gb,508mb,47min,235min,1175min,Auto-generated MTN recommendation,Airtime
8035098362,4.27,52,False,1.69gb,9.02gb,27.63gb,1.29gb,21min,105min,420min,Auto-generated MTN recommendation,Data
8132482706,1.18,135,False,250mb,1.16gb,4.57gb,1.1gb,45min,225min,900min,Auto-generated MTN recommendation,None
8069235641,0.15,160,True,322mb,1.59gb,6.96gb,104mb,37min,259min,1036min,Auto-generated MTN recommendation,Airtime
8065585474,5.2,52,True,296mb,1.6gb,5.94gb,648mb,10min,60min,240min,Auto-generated MTN recommendation,Airtime
9065086223,0.07,265,True,1.41gb,9.31gb,36.17gb,5mb,47min,188min,564min,Auto-generated MTN recommendation,Airtime
7063724585,0.91,107,False,389mb,1.77gb,6.76gb,196mb,24min,144min,576min,Auto-generated MTN recommendation,None
8169194830,2.32,137,True,1.61gb,8.07gb,35.97gb,1.24gb,29min,116min,348min,Auto-generated MTN recommendation,Airtime
8139520304,0.13,296,True,474mb,3.22gb,13.21gb,73mb,33min,132min,660min,Auto-generated MTN recommendation,Airtime
7038093092,7.61,36,False,985mb,6.37gb,30.92gb,5.92gb,47min,329min,1316min,Auto-generated MTN recommendation,None
7067987569,0.11,382,True,381mb,2.21gb,9.56gb,20mb,17min,119min,357min,Auto-generated MTN recommendation,Airtime
7069674686,1.32,132,True,1.08gb,6.29gb,18.93gb,155mb,55min,385min,1925min,Auto-generated MTN recommendation,None
9069857925,1.2,70,False,1.34gb,6.94gb,24.0gb,268mb,36min,252min,1008min,Auto-generated MTN recommendation,None
8037664496,1.01,133,True,1.3gb,7.74gb,28.38gb,402mb,50min,200min,1000min,Auto-generated MTN recommendation,Data
9067009397,2.26,71,True,545mb,2.62gb,10.74gb,1.25gb,4min,16min,80min,Auto-generated MTN recommendation,Airtime
8065367063,6.32,69,False,878mb,5.77gb,27.95gb,884mb,18min,90min,270min,Auto-generated MTN recommendation,Airtime
9033336904,2.63,96,True,1.48gb,8.95gb,31.56gb,1.76gb,46min,276min,1380min,Auto-generated MTN recommendation,Airtime
9061226958,6.79,65,True,311mb,1.38gb,6.79gb,5.79gb,53min,265min,795min,Auto-generated MTN recommendation,None
8034213443,1.21,52,True,1.95gb,10.28gb,38.89gb,1.01gb,0min,0min,0min,Auto-generated MTN recommendation,Data
8034707425,0.22,394,False,1.83gb,12.2gb,60.86gb,86mb,55min,385min,1155min,Auto-generated MTN recommendation,Airtime
7035215063,8.7,10,True,1.98gb,13.05gb,57.86gb,2.95gb,9min,63min,189min,Auto-generated MTN recommendation,Data
7063049854,6.14,90,False,1.19gb,5.08gb,19.78gb,2.45gb,14min,70min,280min,Auto-generated MTN recommendation,Data
7065727692,0.26,165,True,473mb,2.47gb,12.31gb,220mb,51min,204min,1020min,Auto-generated MTN recommendation,Airtime
8068905021,6.23,80,True,1.88gb,10.41gb,38.7gb,5.49gb,13min,65min,260min,Auto-generated MTN recommendation,None
8163406262,1.81,135,True,807mb,5.39gb,26.25gb,1.32gb,9min,63min,252min,Auto-generated MTN recommendation,None
7063502751,0.22,384,False,250mb,1.18gb,4.15gb,209mb,3min,15min,75min,Auto-generated MTN recommendation,Airtime
9068028799,16.13,86,True,480mb,2.89gb,13.11gb,8.34gb,0min,0min,0min,Auto-generated MTN recommendation,Airtime
8032698533,0.12,266,False,1.69gb,11.48gb,50.43gb,0mb,51min,255min,1020min,Auto-generated MTN recommendation,Airtime
8034813732,0.03,287,True,1.9gb,10.48gb,36.48gb,20mb,56min,336min,1680min,Auto-generated MTN recommendation,Airtime
7036844634,0.56,90,False,935mb,3.82gb,14.22gb,73mb,3min,18min,90min,Auto-generated MTN recommendation,Airtime
8036564768,0.28,111,True,1.64gb,11.26gb,50.73gb,57mb,51min,204min,612min,Auto-generated MTN recommendation,None
9064435706,0.03,168,True,884mb,4.72gb,17.06gb,29mb,46min,276min,1380min,Auto-generated MTN recommendation,None
9062529971,2.91,55,False,1.93gb,8.06gb,34.79gb,1.19gb,5min,25min,75min,Auto-generated MTN recommendation,Airtime
9067391869,4.58,101,True,68mb,453mb,1.83gb,4.46gb,10min,70min,210min,Auto-generated MTN recommendation,None
7064216800,16.18,78,True,1.69gb,10.41gb,37.04gb,12.89gb,51min,357min,1071min,Auto-generated MTN recommendation,None
9069709424,0.06,370,False,483mb,2.72gb,13.34gb,29mb,6min,24min,72min,Auto-generated MTN recommendation,Data
8166492662,4.85,54,False,445mb,2.38gb,8.2gb,2.25gb,22min,88min,352min,Auto-generated MTN recommendation,Data
9035862570,19.72,82,True,1.53gb,6.7gb,25.22gb,6.18gb,45min,180min,720min,Auto-generated MTN recommendation,Data
8167454169,18.49,11,True,220mb,1.05gb,4.83gb,10.18gb,27min,189min,567min,Auto-generated MTN recommendation,Airtime
9069407461,1.03,137,False,1.33gb,8.44gb,28.43gb,739mb,12min,48min,240min,Auto-generated MTN recommendation,Airtime
8137376241,0.19,335,True,1.45gb,10.12gb,40.15gb,16mb,33min,165min,660min,Auto-generated MTN recommendation,None
8039274252,2.01,74,True,1.11gb,6.92gb,25.66gb,810mb,14min,70min,350min,Auto-generated MTN recommendation,Data
8067356805,0.25,356,True,761mb,3.46gb,11.88gb,156mb,60min,420min,1260min,Auto-generated MTN recommendation,Data
7066275465,0.02,111,True,544mb,2.68gb,11.8gb,5mb,15min,60min,180min,Auto-generated MTN recommendation,Data
8066340591,4.37,30,False,109mb,675mb,2.35gb,3.42gb,49min,196min,980min,Auto-generated MTN recommendation,Airtime
9038135608,0.24,148,False,143mb,757mb,3.31gb,130mb,20min,100min,500min,Auto-generated MTN recommendation,Airtime
8169086468,1.59,104,False,1.17gb,6.16gb,19.79gb,1.03gb,41min,205min,1025min,Auto-generated MTN recommendation,None
7061673569,0.13,218,True,463mb,2.44gb,11.56gb,6mb,40min,160min,800min,Auto-generated MTN recommendation,Airtime
8131272796,0.06,380,False,1.2gb,4.91gb,17.7gb,33mb,12min,84min,420min,Auto-generated MTN recommendation,None
7037454512,2.58,120,True,1.52gb,7.92gb,31.8gb,1.26gb,34min,238min,714min,Auto-generated MTN recommendation,None
8162324967,2.86,69,True,1.85gb,7.9gb,25.77gb,331mb,50min,200min,1000min,Auto-generated MTN recommendation,Data
8137088926,1.75,113,True,314mb,1.74gb,6.03gb,1.01gb,41min,205min,615min,Auto-generated MTN recommendation,None
8037091368,0.21,348,True,1.77gb,7.58gb,36.55gb,156mb,30min,180min,720min,Auto-generated MTN recommendation,Data
7037554077,4.81,36,False,766mb,3.35gb,13.85gb,3.2gb,16min,64min,320min,Auto-generated MTN recommendation,None
8062387602,0.08,145,False,464mb,3.03gb,14.61gb,2mb,23min,161min,805min,Auto-generated MTN recommendation,Airtime
8136827550,1.71,65,True,249mb,1.15gb,4.91gb,87mb,59min,354min,1770min,Auto-generated MTN recommendation,None
8139195100,5.19,66,True,1.27gb,5.13gb,18.04gb,168mb,13min,78min,312min,Auto-generated MTN recommendation,Data
7039382983,2.87,97,False,1.63gb,7.2gb,34.64gb,2.36gb,49min,343min,1372min,Auto-generated MTN recommendation,Data
9033153723,1.32,149,True,926mb,5.35gb,16.47gb,192mb,46min,276min,1104min,Auto-generated MTN recommendation,Airtime
9069876559,0.12,261,True,1.97gb,8.94gb,40.93gb,12mb,16min,64min,192min,Auto-generated MTN recommendation,Airtime
8166285718,4.99,79,True,376mb,1.76gb,7.34gb,213mb,22min,110min,440min,Auto-generated MTN recommendation,Airtime
9038375001,4.24,113,True,404mb,2.31gb,10.59gb,3.11gb,1min,6min,30min,Auto-generated MTN recommendation,None
8135020911,0.05,391,True,1.48gb,6.61gb,32.55gb,2mb,59min,295min,1475min,Auto-generated MTN recommendation,None
7062110407,7.33,30,False,1.18gb,5.05gb,22.14gb,3.44gb,25min,150min,450min,Auto-generated MTN recommendation,None
8131852536,0.18,231,True,1.12gb,6.21gb,24.05gb,69mb,38min,152min,456min,Auto-generated MTN recommendation,Airtime
7032000101,2.02,66,True,1.74gb,10.69gb,51.42gb,130mb,1min,5min,20min,Auto-generated MTN recommendation,Data
7067452283,2.52,89,True,683mb,2.78gb,12.39gb,350mb,1min,6min,18min,Auto-generated MTN recommendation,Airtime
9061956902,2.08,123,False,1.65gb,8.1gb,35.22gb,160mb,30min,150min,750min,Auto-generated MTN recommendation,Airtime
9039002556,7.21,43,True,678mb,4.05gb,15.69gb,1.0gb,51min,357min,1785min,Auto-generated MTN recommendation,Data
8065686085,1.7,141,True,470mb,2.61gb,12.48gb,1.43gb,50min,200min,1000min,Auto-generated MTN recommendation,Data
8031669593,2.07,136,True,376mb,1.62gb,6.61gb,1.7gb,16min,112min,448min,Auto-generated MTN recommendation,None
8163120809,7.5,78,False,1.26gb,7.81gb,29.46gb,7.22gb,12min,60min,180min,Auto-generated MTN recommendation,Airtime
8063092711,4.51,69,True,1.69gb,6.97gb,26.28gb,3.28gb,24min,144min,576min,Auto-generated MTN recommendation,Data
7031489134,6.19,70,False,164mb,810mb,2.83gb,131mb,3min,18min,54min,Auto-generated MTN recommendation,Airtime
9033837529,0.26,133,True,1.16gb,8.0gb,33.55gb,197mb,8min,32min,160min,Auto-generated MTN recommendation,Data
9033476873,0.27,276,False,920mb,5.79gb,24.65gb,160mb,15min,105min,315min,Auto-generated MTN recommendation,Data
9068097547,1.3,65,True,1.23gb,5.69gb,25.08gb,435mb,15min,75min,300min,Auto-generated MTN recommendation,None
8138512142,23.25,81,True,1.64gb,9.1gb,31.12gb,13.51gb,50min,200min,600min,Auto-generated MTN recommendation,None
8033649179,0.18,199,True,86mb,374mb,1.64gb,121mb,25min,175min,700min,Auto-generated MTN recommendation,None
8061523629,9.06,39,True,1.43gb,9.3gb,29.15gb,2.5gb,38min,266min,1064min,Auto-generated MTN recommendation,Airtime
7063139896,5.34,75,False,220mb,919mb,3.18gb,376mb,57min,399min,1197min,Auto-generated MTN recommendation,None
7064576311,0.19,198,True,176mb,812mb,3.85gb,63mb,9min,36min,108min,Auto-generated MTN recommendation,Data
9062500531,7.72,87,False,1.49gb,7.4gb,30.56gb,4.11gb,25min,175min,525min,Auto-generated MTN recommendation,Data
8169992655,2.0,67,True,161mb,1.08gb,4.68gb,884mb,33min,231min,1155min,Auto-generated MTN recommendation,Airtime
7064227029,0.29,123,True,582mb,3.39gb,10.88gb,233mb,16min,112min,336min,Auto-generated MTN recommendation,Airtime
7062451065,13.57,36,False,191mb,1.27gb,4.29gb,5.06gb,25min,175min,525min,Auto-generated MTN recommendation,Data
8035048916,17.59,58,False,102mb,554mb,2.03gb,4.66gb,58min,232min,928min,Auto-generated MTN recommendation,Airtime
9066206186,2.57,99,True,1.22gb,6.73gb,23.85gb,911mb,52min,260min,780min,Auto-generated MTN recommendation,Data
8066525362,6.14,42,True,273mb,1.44gb,4.99gb,5.13gb,17min,119min,357min,Auto-generated MTN recommendation,Airtime
7064571925,6.59,57,True,1.55gb,7.59gb,29.14gb,4.92gb,23min,161min,483min,Auto-generated MTN recommendation,Airtime
9061705470,7.83,107,True,1.8gb,10.68gb,34.4gb,5.01gb,8min,32min,160min,Auto-generated MTN recommendation,Airtime
9031804162,4.26,76,False,409mb,1.6gb,5.0gb,1.28gb,42min,294min,1470min,Auto-generated MTN recommendation,Airtime
8162255159,7.31,45,False,524mb,3.27gb,11.9gb,2.08gb,47min,188min,752min,Auto-generated MTN recommendation,Airtime
7068916832,1.32,75,True,1.39gb,7.76gb,30.83gb,651mb,20min,80min,400min,Auto-generated MTN recommendation,None
8164472256,4.59,46,False,388mb,2.11gb,10.22gb,2.84gb,19min,114min,456min,Auto-generated MTN recommendation,Airtime
8061819881,4.63,63,False,595mb,3.27gb,13.66gb,4.6gb,2min,10min,50min,Auto-generated MTN recommendation,None
7065849020,1.36,57,False,1.67gb,11.02gb,53.58gb,12mb,48min,336min,1344min,Auto-generated MTN recommendation,None
8037821750,2.03,108,True,619mb,2.51gb,8.91gb,849mb,35min,210min,1050min,Auto-generated MTN recommendation,None
8034938069,0.15,265,False,930mb,4.35gb,19.22gb,9mb,52min,312min,1248min,Auto-generated MTN recommendation,Data
8036537120,10.66,68,True,837mb,3.88gb,15.73gb,9.99gb,41min,287min,1148min,Auto-generated MTN recommendation,Airtime
8069371132,8.21,66,True,1.08gb,7.02gb,35.05gb,3.78gb,59min,236min,1180min,Auto-generated MTN recommendation,Airtime
7032062634,2.49,77,True,1.89gb,12.61gb,57.5gb,1.15gb,16min,80min,320min,Auto-generated MTN recommendation,Data
8137576407,2.99,147,True,844mb,3.36gb,16.36gb,246mb,18min,90min,270min,Auto-generated MTN recommendation,None
8068089710,5.21,32,False,1.22gb,6.66gb,28.07gb,649mb,12min,72min,288min,Auto-generated MTN recommendation,Data
8036971332,2.17,128,True,1.63gb,9.34gb,29.59gb,1.31gb,1min,5min,25min,Auto-generated MTN recommendation,Data
7035676102,0.19,146,False,1.68gb,10.81gb,43.82gb,161mb,46min,184min,552min,Auto-generated MTN recommendation,Data
7033837071,4.36,109,False,13mb,86mb,299mb,1.15gb,23min,161min,483min,Auto-generated MTN recommendation,None
9063777147,0.17,355,False,285mb,1.61gb,7.6gb,162mb,35min,140min,700min,Auto-generated MTN recommendation,Airtime
8035323629,0.14,367,False,378mb,2.16gb,8.56gb,113mb,56min,392min,1568min,Auto-generated MTN recommendation,Airtime
8034752785,14.07,35,True,468mb,3.16gb,13.0gb,198mb,47min,188min,940min,Auto-generated MTN recommendation,Airtime
8131214002,1.38,122,True,1.93gb,7.76gb,23.92gb,1.11gb,32min,224min,672min,Auto-generated MTN recommendation,Data
8065215721,0.08,376,True,1.49gb,9.48gb,42.4gb,81mb,5min,35min,105min,Auto-generated MTN recommendation,None
8132626843,2.5,87,True,118mb,536mb,2.13gb,2.15gb,25min,175min,525min,Auto-generated MTN recommendation,Data
9067491961,4.98,66,True,120mb,704mb,3.22gb,4.86gb,45min,225min,1125min,Auto-generated MTN recommendation,Airtime
9039261535,5.64,69,True,117mb,610mb,2.72gb,3.54gb,48min,336min,1680min,Auto-generated MTN recommendation,Airtime
8134791050,17.66,62,True,164mb,835mb,2.83gb,8.18gb,57min,399min,1596min,Auto-generated MTN recommendation,Data
8037749067,6.92,77,True,1.51gb,10.23gb,44.78gb,484mb,13min,65min,260min,Auto-generated MTN recommendation,Data
8038941461,0.05,190,True,998mb,4.09gb,12.84gb,36mb,41min,205min,615min,Auto-generated MTN recommendation,Airtime
8165292407,2.13,84,False,116mb,766mb,2.7gb,813mb,32min,224min,896min,Auto-generated MTN recommendation,None
7035785702,7.41,103,True,1.9gb,12.07gb,48.17gb,6.28gb,46min,322min,1288min,Auto-generated MTN recommendation,None
8165173035,0.25,258,True,1.62gb,8.19gb,25.27gb,250mb,27min,108min,324min,Auto-generated MTN recommendation,Airtime
8139086795,4.03,87,True,436mb,2.97gb,11.56gb,3.15gb,0min,0min,0min,Auto-generated MTN recommendation,Data
8132873622,4.37,56,True,845mb,4.72gb,18.46gb,11mb,23min,138min,690min,Auto-generated MTN recommendation,Airtime
9032551544,0.14,173,True,1001mb,3.98gb,12.47gb,57mb,51min,357min,1785min,Auto-generated MTN recommendation,Data
9037961128,1.31,56,False,1.17gb,5.24gb,24.52gb,881mb,17min,102min,408min,Auto-generated MTN recommendation,Data
8062980317,0.19,376,True,1.22gb,7.55gb,29.57gb,123mb,40min,280min,1120min,Auto-generated MTN recommendation,None
9038564786,0.02,139,True,499mb,2.95gb,11.29gb,14mb,7min,42min,210min,Auto-generated MTN recommendation,Airtime
8133018055,13.61,100,False,375mb,1.47gb,4.6gb,1.81gb,8min,32min,160min,Auto-generated MTN recommendation,Data
9034889316,1.03,124,True,413mb,1.89gb,8.67gb,381mb,57min,228min,912min,Auto-generated MTN recommendation,Data
8062418265,0.2,200,True,900mb,6.02gb,18.81gb,53mb,24min,120min,360min,Auto-generated MTN recommendation,Airtime
8138882440,7.9,55,False,80mb,395mb,1.37gb,835mb,1min,4min,12min,Auto-generated MTN recommendation,None
8036632760,0.17,290,True,104mb,579mb,2.06gb,169mb,38min,228min,684min,Auto-generated MTN recommendation,None
8137429390,6.34,30,False,1.76gb,10.48gb,34.25gb,2.1gb,10min,50min,200min,Auto-generated MTN recommendation,None
8067807704,0.28,210,True,1.02gb,5.83gb,26.74gb,137mb,56min,336min,1344min,Auto-generated MTN recommendation,None
7065833808,1.59,54,True,1.44gb,8.1gb,33.42gb,1.15gb,4min,16min,48min,Auto-generated MTN recommendation,None
8168410472,2.82,93,False,179mb,749mb,2.66gb,2.77gb,23min,161min,644min,Auto-generated MTN recommendation,Airtime
8069503236,7.17,62,True,223mb,1.04gb,4.38gb,2.11gb,57min,342min,1368min,Auto-generated MTN recommendation,Data
7062682425,3.97,46,True,639mb,3.74gb,15.07gb,3.39gb,52min,364min,1092min,Auto-generated MTN recommendation,Airtime
9062332763,1.01,115,True,650mb,3.17gb,11.25gb,932mb,56min,336min,1008min,Auto-generated MTN recommendation,Data
7038261157,0.25,177,False,1.77gb,7.26gb,36.16gb,233mb,7min,49min,147min,Auto-generated MTN recommendation,Airtime
8137782387,0.25,171,False,1.98gb,9.05gb,31.27gb,201mb,18min,72min,288min,Auto-generated MTN recommendation,None
8135412296,5.86,118,False,1.79gb,8.72gb,27.2gb,5.5gb,1min,6min,30min,Auto-generated MTN recommendation,Airtime
8161655659,0.11,400,False,1.48gb,6.49gb,26.34gb,108mb,22min,110min,550min,Auto-generated MTN recommendation,Data
8137057901,0.11,298,True,218mb,1.41gb,6.34gb,97mb,43min,215min,1075min,Auto-generated MTN recommendation,None
9033899854,1.58,142,True,156mb,667mb,3.19gb,40mb,2min,8min,32min,Auto-generated MTN recommendation,Data
8039478828,0.12,370,True,1.32gb,7.72gb,37.78gb,25mb,44min,308min,1540min,Auto-generated MTN recommendation,Airtime
8037780286,0.12,191,True,1.97gb,10.37gb,50.46gb,8mb,13min,52min,260min,Auto-generated MTN recommendation,Data
9067418866,2.98,116,True,268mb,1.66gb,7.1gb,1.94gb,15min,90min,450min,Auto-generated MTN recommendation,Data
7069950254,2.53,133,True,1.09gb,6.44gb,26.2gb,236mb,15min,90min,450min,Auto-generated MTN recommendation,Data
8062311757,0.12,254,True,1.87gb,12.34gb,54.16gb,21mb,39min,195min,975min,Auto-generated MTN recommendation,Airtime
8131442822,7.06,68,False,1.56gb,10.43gb,50.85gb,2.79gb,58min,406min,2030min,Auto-generated MTN recommendation,Data
8032242716,2.7,63,False,1.15gb,4.75gb,16.5gb,2.26gb,18min,90min,450min,Auto-generated MTN recommendation,None
8132387718,0.21,308,False,1.01gb,5.33gb,16.88gb,209mb,44min,308min,1540min,Auto-generated MTN recommendation,Airtime
7064308240,3.45,100,True,236mb,1.01gb,4.74gb,332mb,2min,10min,40min,Auto-generated MTN recommendation,None
8168780239,0.28,173,False,1.24gb,6.4gb,20.67gb,2mb,12min,48min,192min,Auto-generated MTN recommendation,Data
8038411814,7.56,118,False,1003mb,5.24gb,16.07gb,4.7gb,39min,273min,1365min,Auto-generated MTN recommendation,Data
8164678380,6.74,99,True,1.98gb,10.28gb,36.28gb,160mb,0min,0min,0min,Auto-generated MTN recommendation,Airtime
9066604943,1.05,96,True,1.46gb,9.15gb,37.3gb,583mb,2min,14min,70min,Auto-generated MTN recommendation,Data
9065829492,0.01,191,False,1.42gb,6.99gb,27.09gb,6mb,25min,175min,700min,Auto-generated MTN recommendation,Data
8036593531,1.8,88,True,1.94gb,8.32gb,37.09gb,1.22gb,5min,20min,100min,Auto-generated MTN recommendation,Airtime
9069464697,0.07,184,True,854mb,4.92gb,24.23gb,63mb,20min,100min,400min,Auto-generated MTN recommendation,Airtime
7034162342,0.28,333,True,1.71gb,7.08gb,28.7gb,181mb,20min,120min,480min,Auto-generated MTN recommendation,Data
7031001965,1.9,139,True,1.47gb,6.93gb,28.42gb,854mb,39min,273min,1365min,Auto-generated MTN recommendation,Data
9038895812,0.28,177,True,1.26gb,8.63gb,28.35gb,205mb,29min,203min,1015min,Auto-generated MTN recommendation,Airtime
8168081571,1.39,136,False,1.4gb,7.01gb,29.59gb,138mb,38min,190min,760min,Auto-generated MTN recommendation,Airtime
9032880034,2.33,79,False,567mb,2.86gb,11.04gb,801mb,18min,90min,450min,Auto-generated MTN recommendation,Data
8131867466,0.7,98,True,569mb,3.36gb,15.31gb,241mb,22min,110min,330min,Auto-generated MTN recommendation,Data
8163515810,0.16,271,True,1.91gb,11.04gb,38.52gb,25mb,8min,40min,160min,Auto-generated MTN recommendation,Data
8066050435,1.41,103,False,952mb,4.3gb,19.61gb,1.34gb,46min,184min,736min,Auto-generated MTN recommendation,Data
8064822126,0.1,289,True,1.83gb,9.61gb,44.65gb,63mb,45min,225min,900min,Auto-generated MTN recommendation,Data
9034482360,1.77,80,False,1.77gb,10.85gb,51.02gb,920mb,13min,65min,260min,Auto-generated MTN recommendation,None
9061523204,4.07,88,False,522mb,2.92gb,10.76gb,166mb,29min,174min,870min,Auto-generated MTN recommendation,Data
9037267574,5.78,40,True,428mb,1.86gb,8.12gb,3.27gb,11min,44min,220min,Auto-generated MTN recommendation,Airtime
9031431593,1.27,78,True,1.19gb,6.87gb,28.32gb,385mb,24min,144min,720min,Auto-generated MTN recommendation,Airtime
8038237406,6.46,76,False,1.73gb,12.06gb,54.55gb,2.32gb,12min,84min,252min,Auto-generated MTN recommendation,None
8065556939,16.53,26,False,12mb,76mb,365mb,12.04gb,31min,186min,558min,Auto-generated MTN recommendation,Airtime
7068817904,6.52,68,False,116mb,550mb,2.53gb,4.58gb,51min,357min,1785min,Auto-generated MTN recommendation,Data
8165052550,0.2,100,True,1.74gb,9.71gb,29.89gb,115mb,21min,126min,630min,Auto-generated MTN recommendation,Airtime
8067024251,1.64,97,False,1008mb,5.15gb,23.44gb,625mb,3min,21min,105min,Auto-generated MTN recommendation,Airtime
9061177859,3.03,115,True,543mb,3.13gb,14.99gb,2.04gb,12min,84min,252min,Auto-generated MTN recommendation,Data
8034203879,1.54,125,False,1.53gb,10.37gb,46.98gb,1.45gb,36min,252min,1260min,Auto-generated MTN recommendation,Data
7068684504,0.99,81,True,492mb,1.99gb,6.74gb,455mb,29min,145min,725min,Auto-generated MTN recommendation,Airtime
8134438952,3.26,115,True,531mb,2.3gb,7.22gb,1.1gb,16min,64min,256min,Auto-generated MTN recommendation,Airtime
7064077748,0.26,289,True,887mb,5.2gb,20.81gb,195mb,3min,21min,105min,Auto-generated MTN recommendation,None
8163297252,2.11,145,True,1.23gb,8.07gb,34.04gb,1.84gb,14min,98min,392min,Auto-generated MTN recommendation,Data
9063182786,2.71,132,False,645mb,3.44gb,13.07gb,2.27gb,1min,7min,35min,Auto-generated MTN recommendation,Airtime
9064218925,1.47,69,False,928mb,4.29gb,16.58gb,1.4gb,57min,399min,1995min,Auto-generated MTN recommendation,Airtime
8139806854,2.11,124,False,253mb,1.19gb,4.6gb,53mb,38min,266min,798min,Auto-generated MTN recommendation,Airtime
9064005657,3.06,78,True,643mb,2.57gb,8.02gb,729mb,59min,354min,1416min,Auto-generated MTN recommendation,Data
8061406974,1.63,62,True,526mb,3.47gb,16.27gb,1.06gb,46min,322min,1288min,Auto-generated MTN recommendation,Airtime
8166916344,6.03,113,False,817mb,4.27gb,13.12gb,3.24gb,55min,330min,1650min,Auto-generated MTN recommendation,Airtime
8036491097,0.98,63,True,1.48gb,8.35gb,34.08gb,793mb,3min,21min,84min,Auto-generated MTN recommendation,None
7063509022,0.01,381,True,1.07gb,7.17gb,31.88gb,7mb,41min,287min,861min,Auto-generated MTN recommendation,Data
8068822894,2.47,122,True,1.56gb,7.1gb,31.17gb,1.89gb,30min,180min,540min,Auto-generated MTN recommendation,Data
9031459422,2.94,74,True,365mb,2.46gb,9.32gb,1.85gb,21min,126min,378min,Auto-generated MTN recommendation,Airtime
7039742102,0.95,136,True,1.77gb,9.1gb,42.98gb,224mb,34min,170min,680min,Auto-generated MTN recommendation,None
9063779077,0.19,324,True,472mb,3.1gb,14.92gb,46mb,49min,294min,1470min,Auto-generated MTN recommendation,Data
8031235320,2.15,67,False,1.45gb,9.28gb,42.99gb,908mb,16min,96min,480min,Auto-generated MTN recommendation,Airtime
9038776329,0.04,197,False,1.2gb,5.82gb,17.91gb,18mb,47min,235min,1175min,Auto-generated MTN recommendation,Airtime
8062101697,0.08,374,True,1004mb,6.62gb,24.57gb,63mb,36min,252min,756min,Auto-generated MTN recommendation,Data
8068668993,10.18,11,True,862mb,5.88gb,19.52gb,6.69gb,23min,92min,276min,Auto-generated MTN recommendation,Data
7038384934,0.3,174,False,555mb,2.89gb,12.02gb,207mb,6min,36min,144min,Auto-generated MTN recommendation,Data
8063293011,0.15,253,True,1.57gb,6.79gb,33.27gb,153mb,17min,102min,306min,Auto-generated MTN recommendation,None
7036772888,3.46,39,False,1.42gb,8.72gb,30.36gb,2.56gb,16min,64min,256min,Auto-generated MTN recommendation,Airtime
9062094308,5.71,74,False,1.23gb,8.59gb,33.87gb,4.81gb,29min,174min,522min,Auto-generated MTN recommendation,None
8132775295,0.29,381,True,1.47gb,10.21gb,45.97gb,21mb,56min,392min,1960min,Auto-generated MTN recommendation,None
7037543958,6.15,33,True,889mb,5.73gb,21.35gb,791mb,46min,322min,966min,Auto-generated MTN recommendation,Airtime
8163026785,0.02,289,True,248mb,1013mb,3.95gb,9mb,28min,196min,588min,Auto-generated MTN recommendation,Data
8032369746,1.04,50,True,1.89gb,10.6gb,36.83gb,798mb,29min,145min,435min,Auto-generated MTN recommendation,Data
9068268613,1.61,148,True,859mb,5.45gb,20.52gb,331mb,50min,250min,750min,Auto-generated MTN recommendation,Airtime
9038001435,0.78,57,True,36mb,193mb,894mb,388mb,50min,200min,800min,Auto-generated MTN recommendation,None
8067992373,1.44,116,True,717mb,2.95gb,14.5gb,1.27gb,39min,234min,936min,Auto-generated MTN recommendation,Airtime
8132966523,1.57,103,True,722mb,4.18gb,20.31gb,1.07gb,0min,0min,0min,Auto-generated MTN recommendation,Data
8163982370,1.06,112,True,368mb,1.72gb,6.78gb,278mb,26min,182min,546min,Auto-generated MTN recommendation,Data
9065998832,7.01,65,False,768mb,4.45gb,21.68gb,3.25gb,35min,245min,980min,Auto-generated MTN recommendation,None
8136413025,0.13,192,True,532mb,2.4gb,11.87gb,120mb,22min,110min,330min,Auto-generated MTN recommendation,None
9063858588,0.06,297,False,667mb,3.95gb,12.26gb,35mb,38min,190min,570min,Auto-generated MTN recommendation,Airtime
7031728515,7.4,82,True,97mb,600mb,2.59gb,1.74gb,45min,315min,1260min,Auto-generated MTN recommendation,Data
8161475414,2.05,99,False,1.19gb,6.89gb,21.95gb,996mb,34min,238min,952min,Auto-generated MTN recommendation,None
8035444016,0.04,102,True,727mb,3.31gb,14.02gb,40mb,28min,196min,588min,Auto-generated MTN recommendation,Airtime
7069435121,1.19,83,True,573mb,3.81gb,12.14gb,144mb,60min,240min,1200min,Auto-generated MTN recommendation,Data
8066456720,2.19,131,True,492mb,2.91gb,14.04gb,1.18gb,51min,204min,612min,Auto-generated MTN recommendation,Data
8139653163,2.99,117,True,1.24gb,8.64gb,41.58gb,2.42gb,8min,32min,128min,Auto-generated MTN recommendation,Airtime
7064103064,24.74,39,False,848mb,5.11gb,19.35gb,23.61gb,60min,240min,1200min,Auto-generated MTN recommendation,Data
7035134180,0.07,226,True,54mb,289mb,1.21gb,48mb,54min,216min,864min,Auto-generated MTN recommendation,None
8061799429,2.42,71,True,465mb,2.58gb,7.73gb,1.67gb,45min,315min,945min,Auto-generated MTN recommendation,None
9069564911,0.08,329,False,1.98gb,9.84gb,47.84gb,3mb,34min,136min,680min,Auto-generated MTN recommendation,Data
8132037935,0.06,274,True,1.25gb,6.47gb,20.43gb,4mb,16min,96min,384min,Auto-generated MTN recommendation,None
7032635926,0.23,229,True,10mb,71mb,292mb,124mb,51min,306min,918min,Auto-generated MTN recommendation,None
7038290248,7.65,77,False,991mb,5.35gb,20.24gb,4.75gb,39min,195min,585min,Auto-generated MTN recommendation,Data
9063145748,3.87,75,True,718mb,4.58gb,21.51gb,2.33gb,12min,48min,192min,Auto-generated MTN recommendation,Data
7064975911,0.08,266,True,119mb,707mb,3.06gb,27mb,14min,56min,280min,Auto-generated MTN recommendation,Airtime
8139842568,0.29,385,True,1.71gb,7.11gb,27.12gb,294mb,57min,342min,1710min,Auto-generated MTN recommendation,None
8162977169,0.03,149,True,1.29gb,6.92gb,21.0gb,4mb,24min,168min,504min,Auto-generated MTN recommendation,None
9061615332,0.25,322,False,1.23gb,8.5gb,36.15gb,73mb,21min,126min,630min,Auto-generated MTN recommendation,Data
8134035382,0.07,112,False,251mb,1.28gb,5.92gb,42mb,0min,0min,0min,Auto-generated MTN recommendation,Data
8164509264,2.09,66,False,602mb,2.37gb,9.92gb,1.52gb,56min,392min,1568min,Auto-generated MTN recommendation,None
7069069776,7.24,53,True,963mb,4.86gb,24.05gb,1.37gb,26min,104min,520min,Auto-generated MTN recommendation,Data
9066879738,2.22,127,True,1.07gb,6.36gb,24.61gb,1.99gb,49min,294min,1176min,Auto-generated MTN recommendation,Airtime
9036319920,2.21,100,False,973mb,4.42gb,21.3gb,669mb,4min,20min,80min,Auto-generated MTN recommendation,Airtime
8065726393,0.17,246,True,1.68gb,6.89gb,21.98gb,99mb,36min,180min,720min,Auto-generated MTN recommendation,Airtime
8033419791,3.79,70,False,120mb,515mb,1.88gb,869mb,34min,170min,510min,Auto-generated MTN recommendation,None
8162935907,0.96,56,True,249mb,1.61gb,7.22gb,432mb,24min,168min,504min,Auto-generated MTN recommendation,Data
8069510019,1.78,66,True,551mb,3.71gb,11.54gb,974mb,47min,329min,1645min,Auto-generated MTN recommendation,Data
8165453358,7.17,35,False,1.9gb,10.9gb,35.08gb,3.53gb,5min,20min,80min,Auto-generated MTN recommendation,Data
8069111464,0.25,216,True,1.33gb,6.43gb,28.85gb,196mb,48min,240min,720min,Auto-generated MTN recommendation,Airtime
8165263022,0.16,120,True,1.22gb,8.22gb,39.44gb,84mb,59min,354min,1416min,Auto-generated MTN recommendation,Data
8038088271,0.3,173,False,405mb,2.24gb,8.58gb,265mb,42min,252min,1260min,Auto-generated MTN recommendation,None
9034928595,3.7,116,True,1.49gb,7.63gb,24.12gb,2.17gb,25min,150min,750min,Auto-generated MTN recommendation,None
8134450530,3.79,61,False,907mb,5.24gb,18.01gb,3.45gb,58min,232min,1160min,Auto-generated MTN recommendation,Data
9068160326,0.83,68,True,689mb,2.7gb,11.76gb,191mb,7min,49min,147min,Auto-generated MTN recommendation,Data
9039938421,16.45,26,True,1.58gb,6.6gb,25.07gb,7.35gb,14min,70min,280min,Auto-generated MTN recommendation,Data
8066908449,6.9,60,False,1.53gb,7.62gb,27.11gb,5.91gb,3min,21min,63min,Auto-generated MTN recommendation,None
9039973570,7.77,62,True,1.55gb,9.96gb,42.37gb,2.29gb,12min,48min,144min,Auto-generated MTN recommendation,None
8167065916,0.27,323,True,1.48gb,8.38gb,29.88gb,223mb,20min,140min,700min,Auto-generated MTN recommendation,None
9035321423,1.26,76,True,589mb,2.48gb,9.26gb,206mb,29min,116min,348min,Auto-generated MTN recommendation,Data
8162699760,3.29,113,True,1015mb,4.38gb,15.59gb,2.35gb,24min,144min,720min,Auto-generated MTN recommendation,None
8031301455,0.6,86,False,1.27gb,7.7gb,30.04gb,275mb,39min,156min,624min,Auto-generated MTN recommendation,Airtime
9036207024,1.51,102,True,511mb,2.24gb,8.77gb,60mb,5min,30min,150min,Auto-generated MTN recommendation,None
8032214082,13.22,56,False,1.05gb,6.59gb,25.76gb,5.53gb,19min,133min,532min,Auto-generated MTN recommendation,Data
7067240467,0.19,157,True,1.64gb,8.91gb,43.44gb,52mb,31min,124min,372min,Auto-generated MTN recommendation,Airtime
7066215136,1.2,139,True,1001mb,5.04gb,15.57gb,857mb,3min,12min,60min,Auto-generated MTN recommendation,Data
9035563193,4.96,115,True,327mb,1.83gb,6.16gb,3.61gb,11min,44min,132min,Auto-generated MTN recommendation,Data
9064731771,0.06,101,True,1.1gb,7.63gb,28.58gb,31mb,4min,24min,96min,Auto-generated MTN recommendation,None
8132970120,1.69,50,True,1.56gb,7.44gb,24.51gb,686mb,24min,144min,576min,Auto-generated MTN recommendation,None
7033119895,5.29,116,True,1.81gb,9.15gb,30.7gb,1.54gb,32min,224min,896min,Auto-generated MTN recommendation,None
8035090558,1.83,55,False,1.01gb,6.7gb,25.13gb,1009mb,51min,306min,918min,Auto-generated MTN recommendation,Airtime
8165897200,0.22,271,False,1.65gb,7.82gb,26.95gb,189mb,21min,105min,420min,Auto-generated MTN recommendation,None
8131695936,3.16,63,True,343mb,2.09gb,10.38gb,1.06gb,6min,30min,150min,Auto-generated MTN recommendation,Data
8061450900,0.18,361,True,659mb,3.52gb,14.01gb,52mb,31min,155min,465min,Auto-generated MTN recommendation,Airtime
8065565496,1.8,68,True,1.95gb,8.88gb,44.22gb,918mb,41min,205min,820min,Auto-generated MTN recommendation,Airtime
9036544761,2.8,78,False,981mb,5.59gb,26.37gb,2.5gb,40min,240min,960min,Auto-generated MTN recommendation,Airtime
9064362330,2.75,90,False,388mb,1.78gb,6.15gb,1.91gb,42min,294min,1470min,Auto-generated MTN recommendation,Airtime
8039403712,6.63,98,False,381mb,1.57gb,5.7gb,4.1gb,24min,120min,480min,Auto-generated MTN recommendation,None
7033338879,3.44,82,True,994mb,6.56gb,27.32gb,2.25gb,46min,230min,690min,Auto-generated MTN recommendation,None
9036751220,0.05,282,True,352mb,2.18gb,10.26gb,21mb,14min,56min,224min,Auto-generated MTN recommendation,None
8032750211,0.08,307,False,1.21gb,5.8gb,27.89gb,71mb,38min,228min,684min,Auto-generated MTN recommendation,Data
9036813470,0.25,202,False,755mb,3.87gb,12.02gb,165mb,44min,220min,660min,Auto-generated MTN recommendation,Airtime
8131026256,0.25,142,True,667mb,4.03gb,14.93gb,189mb,7min,42min,210min,Auto-generated MTN recommendation,None
9067220316,0.06,313,True,835mb,3.81gb,17.02gb,20mb,32min,224min,1120min,Auto-generated MTN recommendation,Airtime
9035368560,1.61,85,False,895mb,4.51gb,15.72gb,693mb,49min,294min,1176min,Auto-generated MTN recommendation,None
7038246071,0.29,386,True,40mb,185mb,760mb,252mb,42min,294min,1470min,Auto-generated MTN recommendation,Data
9061776319,4.26,46,True,827mb,4.96gb,24.34gb,385mb,34min,136min,680min,Auto-generated MTN recommendation,Data
9062364941,0.28,163,False,1.33gb,8.36gb,34.41gb,164mb,20min,100min,400min,Auto-generated MTN recommendation,None
9032611646,4.6,104,False,1.4gb,9.7gb,43.13gb,2.05gb,38min,190min,570min,Auto-generated MTN recommendation,Data
8066804604,7.96,40,False,794mb,4.9gb,21.85gb,5.98gb,31min,217min,651min,Auto-generated MTN recommendation,Airtime
9064803821,19.09,38,True,1.79gb,8.09gb,40.07gb,18.19gb,8min,32min,128min,Auto-generated MTN recommendation,Airtime
7033202766,7.35,107,False,595mb,2.71gb,12.22gb,7.2gb,19min,95min,380min,Auto-generated MTN recommendation,Airtime
7037625900,2.34,75,True,241mb,1.28gb,6.17gb,744mb,6min,24min,120min,Auto-generated MTN recommendation,Airtime
7069874973,5.86,120,True,163mb,727mb,2.66gb,2.89gb,8min,56min,224min,Auto-generated MTN recommendation,Data
9034733578,4.74,38,False,780mb,4.4gb,14.79gb,2.17gb,29min,174min,522min,Auto-generated MTN recommendation,Data
8136584271,0.11,103,True,397mb,2.43gb,10.4gb,36mb,59min,236min,1180min,Auto-generated MTN recommendation,Data
8167086826,0.08,141,True,876mb,4.5gb,21.2gb,56mb,29min,145min,435min,Auto-generated MTN recommendation,None
9036816475,3.34,106,True,691mb,3.0gb,13.56gb,1.1gb,59min,354min,1416min,Auto-generated MTN recommendation,Airtime
8167297794,3.23,58,True,675mb,3.85gb,15.8gb,1.11gb,58min,290min,1450min,Auto-generated MTN recommendation,Data
7061541083,4.36,120,True,750mb,4.25gb,15.63gb,751mb,60min,300min,1500min,Auto-generated MTN recommendation,None
7037623283,11.76,13,True,861mb,4.49gb,20.43gb,8.27gb,56min,280min,840min,Auto-generated MTN recommendation,Data
7061922172,0.23,315,True,1.99gb,12.91gb,50.13gb,163mb,45min,180min,720min,Auto-generated MTN recommendation,None
7066085417,5.19,87,True,2.0gb,10.92gb,48.38gb,3.22gb,1min,5min,15min,Auto-generated MTN recommendation,None
8137151105,0.59,52,True,867mb,5.29gb,16.35gb,320mb,56min,224min,1120min,Auto-generated MTN recommendation,Airtime
8139192348,0.28,347,False,1.88gb,9.91gb,43.88gb,249mb,0min,0min,0min,Auto-generated MTN recommendation,Airtime
7067731224,0.26,150,True,1.87gb,10.81gb,35.31gb,178mb,44min,308min,1232min,Auto-generated MTN recommendation,Airtime
7063275445,6.66,105,True,642mb,3.1gb,13.64gb,2.44gb,46min,276min,1380min,Auto-generated MTN recommendation,None
8132891797,1.7,134,False,44mb,275mb,969mb,1.02gb,43min,172min,688min,Auto-generated MTN recommendation,Airtime
8039608281,0.22,360,True,121mb,770mb,2.72gb,43mb,7min,28min,112min,Auto-generated MTN recommendation,Data
7039636177,0.1,178,False,320mb,1.56gb,5.19gb,86mb,32min,192min,960min,Auto-generated MTN recommendation,None
7031433923,0.21,267,True,1.77gb,11.39gb,44.47gb,104mb,55min,385min,1540min,Auto-generated MTN recommendation,Airtime
8139266893,0.56,142,True,204mb,1.32gb,5.15gb,296mb,25min,175min,525min,Auto-generated MTN recommendation,Airtime
9038513736,1.92,134,True,215mb,1.39gb,6.45gb,599mb,15min,75min,300min,Auto-generated MTN recommendation,Data
8163885875,2.39,92,True,1.22gb,8.09gb,29.78gb,2.34gb,39min,273min,819min,Auto-generated MTN recommendation,Airtime
9062729479,2.42,147,False,53mb,293mb,1.37gb,2.29gb,0min,0min,0min,Auto-generated MTN recommendation,None
9061381673,0.11,312,True,1.55gb,9.67gb,47.81gb,44mb,48min,336min,1344min,Auto-generated MTN recommendation,Data
9031277184,2.29,110,False,698mb,3.94gb,19.67gb,2.16gb,6min,30min,120min,Auto-generated MTN recommendation,Airtime
8062235405,19.24,57,True,347mb,1.69gb,6.03gb,12.59gb,13min,65min,195min,Auto-generated MTN recommendation,None
9035909321,0.26,162,True,1.72gb,12.05gb,36.45gb,242mb,22min,110min,440min,Auto-generated MTN recommendation,None
8039360190,1.38,79,True,372mb,2.33gb,7.97gb,931mb,47min,235min,1175min,Auto-generated MTN recommendation,Airtime
9061116644,1.48,85,False,521mb,2.9gb,12.17gb,833mb,32min,224min,672min,Auto-generated MTN recommendation,Airtime
7035773384,6.77,119,True,683mb,2.77gb,12.43gb,6.15gb,27min,162min,810min,Auto-generated MTN recommendation,Data
7037492148,0.18,255,False,1.02gb,5.01gb,20.93gb,74mb,22min,132min,396min,Auto-generated MTN recommendation,Data
7068440669,3.85,47,False,344mb,2.12gb,9.24gb,2.54gb,40min,160min,640min,Auto-generated MTN recommendation,Data
9065197362,0.8,120,False,1.75gb,8.68gb,29.08gb,558mb,57min,285min,855min,Auto-generated MTN recommendation,Airtime
8034944198,0.25,268,False,869mb,5.62gb,21.5gb,94mb,43min,301min,903min,Auto-generated MTN recommendation,Data
8032035636,3.95,112,False,769mb,5.05gb,24.98gb,3.37gb,5min,25min,100min,Auto-generated MTN recommendation,Data
7063167275,0.04,186,False,1.17gb,7.51gb,33.34gb,0mb,5min,35min,105min,Auto-generated MTN recommendation,Data
8132502073,5.58,107,True,1.34gb,9.31gb,44.74gb,2.06gb,57min,228min,684min,Auto-generated MTN recommendation,Airtime
8132020033,0.19,332,False,613mb,3.27gb,12.93gb,189mb,43min,172min,860min,Auto-generated MTN recommendation,Data
9036239331,1.56,115,True,372mb,1.64gb,7.06gb,1.5gb,54min,378min,1890min,Auto-generated MTN recommendation,None
7065769875,2.02,93,False,761mb,4.5gb,18.9gb,1.78gb,56min,392min,1176min,Auto-generated MTN recommendation,Airtime
7032190531,1.57,68,False,987mb,5.12gb,16.52gb,953mb,40min,200min,800min,Auto-generated MTN recommendation,None
9038670454,4.07,73,True,677mb,3.09gb,10.44gb,2.91gb,46min,276min,828min,Auto-generated MTN recommendation,Data
8062300565,2.4,108,False,987mb,4.26gb,13.41gb,1.38gb,3min,15min,45min,Auto-generated MTN recommendation,Data
9064128926,3.51,75,False,1.65gb,7.14gb,27.2gb,1.79gb,21min,126min,504min,Auto-generated MTN recommendation,Data
7066281768,1.55,142,False,1.67gb,9.33gb,33.65gb,1.41gb,1min,6min,18min,Auto-generated MTN recommendation,Data
9062717513,1.02,103,False,1.36gb,6.59gb,32.7gb,613mb,6min,24min,72min,Auto-generated MTN recommendation,Data
8166963171,0.05,149,False,344mb,1.8gb,5.92gb,14mb,36min,144min,576min,Auto-generated MTN recommendation,None
7068963816,2.24,88,False,1.94gb,10.35gb,50.94gb,795mb,43min,258min,774min,Auto-generated MTN recommendation,Data
8035238539,0.14,238,True,1.77gb,11.65gb,35.54gb,48mb,44min,308min,1540min,Auto-generated MTN recommendation,Airtime
7037063741,6.78,55,True,438mb,2.76gb,13.28gb,6.41gb,0min,0min,0min,Auto-generated MTN recommendation,Airtime
9035222866,0.14,243,True,832mb,3.51gb,11.21gb,116mb,7min,28min,112min,Auto-generated MTN recommendation,Airtime
8137275263,24.9,38,False,310mb,1.54gb,7.58gb,159mb,46min,276min,828min,Auto-generated MTN recommendation,Airtime
8064758923,17.43,80,True,1.33gb,9.12gb,42.32gb,15.7gb,42min,168min,672min,Auto-generated MTN recommendation,Airtime
9036075134,2.13,85,True,622mb,3.4gb,14.08gb,1.1gb,33min,198min,792min,Auto-generated MTN recommendation,None
8163465068,2.63,135,True,1.14gb,7.89gb,25.22gb,1.99gb,37min,185min,925min,Auto-generated MTN recommendation,None
8065600870,4.62,30,False,1.83gb,12.19gb,50.11gb,252mb,52min,312min,1248min,Auto-generated MTN recommendation,None
7062578702,0.01,399,False,1.9gb,8.57gb,28.21gb,0mb,60min,420min,2100min,Auto-generated MTN recommendation,Data
8131888045,0.01,214,True,300mb,2.04gb,9.83gb,8mb,46min,184min,736min,Auto-generated MTN recommendation,Data
8064620428,1.52,68,False,1.2gb,4.84gb,15.5gb,1.32gb,31min,124min,372min,Auto-generated MTN recommendation,Data
9035406970,2.36,95,False,1.9gb,10.19gb,45.56gb,706mb,22min,132min,660min,Auto-generated MTN recommendation,None
8038101504,24.12,13,False,996mb,5.74gb,18.01gb,3.73gb,19min,76min,380min,Auto-generated MTN recommendation,Airtime
8037253662,1.65,106,True,131mb,796mb,2.94gb,1.02gb,53min,212min,1060min,Auto-generated MTN recommendation,None
8166759007,6.95,36,False,18mb,82mb,337mb,6.0gb,17min,119min,595min,Auto-generated MTN recommendation,None
8031386424,0.17,358,False,1005mb,5.8gb,20.18gb,166mb,39min,195min,975min,Auto-generated MTN recommendation,Data
8168669110,0.12,371,False,630mb,4.28gb,20.66gb,48mb,60min,420min,1260min,Auto-generated MTN recommendation,Data
9064279848,4.32,61,False,967mb,4.56gb,14.31gb,2.68gb,41min,164min,820min,Auto-generated MTN recommendation,Data
8038162604,0.06,221,False,432mb,2.27gb,10.01gb,24mb,27min,162min,648min,Auto-generated MTN recommendation,None
9069847410,7.16,108,False,556mb,3.06gb,14.74gb,5.42gb,4min,24min,72min,Auto-generated MTN recommendation,Data
7069681313,3.27,100,False,795mb,3.22gb,12.33gb,3.0gb,29min,145min,435min,Auto-generated MTN recommendation,Airtime
7067830335,0.1,251,True,30mb,197mb,989mb,24mb,55min,330min,1320min,Auto-generated MTN recommendation,Data
8068310748,0.04,294,True,439mb,1.99gb,6.63gb,19mb,47min,235min,705min,Auto-generated MTN recommendation,None
8168238235,0.17,228,True,99mb,443mb,1.35gb,63mb,42min,252min,1008min,Auto-generated MTN recommendation,Airtime
8134118704,2.06,71,True,1.98gb,13.7gb,60.64gb,1.47gb,48min,288min,1152min,Auto-generated MTN recommendation,Airtime
7037184418,7.38,71,False,942mb,6.4gb,24.54gb,1.6gb,59min,354min,1416min,Auto-generated MTN recommendation,None
9067698842,0.17,195,True,1.74gb,11.03gb,53.95gb,35mb,22min,110min,440min,Auto-generated MTN recommendation,Data
7068546675,0.2,398,False,946mb,5.88gb,22.45gb,188mb,54min,378min,1134min,Auto-generated MTN recommendation,Data
7035277302,7.0,119,False,1.47gb,6.34gb,23.4gb,5.16gb,9min,36min,180min,Auto-generated MTN recommendation,Airtime
7063507578,7.16,91,False,1.71gb,9.06gb,44.17gb,2.43gb,15min,60min,300min,Auto-generated MTN recommendation,Data
8133992682,0.21,298,False,671mb,3.5gb,14.38gb,207mb,43min,258min,1032min,Auto-generated MTN recommendation,None
9065751804,2.36,144,False,1.6gb,7.79gb,25.23gb,1.5gb,15min,90min,360min,Auto-generated MTN recommendation,Data
9069894638,4.81,113,True,939mb,4.39gb,19.36gb,913mb,2min,8min,32min,Auto-generated MTN recommendation,Data
7037962483,6.62,75,False,446mb,1.8gb,6.31gb,3.47gb,49min,196min,980min,Auto-generated MTN recommendation,Data
8033847395,0.05,260,True,1.85gb,10.58gb,38.82gb,26mb,8min,56min,224min,Auto-generated MTN recommendation,Data
8168308118,0.68,58,True,83mb,571mb,2.25gb,161mb,22min,88min,264min,Auto-generated MTN recommendation,None
7066805809,23.19,36,False,540mb,3.08gb,13.81gb,3.34gb,24min,120min,480min,Auto-generated MTN recommendation,Data
8161789196,1.42,149,False,1.14gb,4.95gb,20.88gb,84mb,2min,8min,24min,Auto-generated MTN recommendation,Data
9036475395,0.24,371,False,447mb,1.94gb,6.35gb,113mb,15min,60min,240min,Auto-generated MTN recommendation,Data
8067387631,2.55,64,False,1.29gb,5.37gb,24.73gb,1.5gb,49min,343min,1372min,Auto-generated MTN recommendation,Airtime
8136209308,15.36,97,False,1.56gb,8.75gb,42.62gb,7.66gb,53min,318min,1590min,Auto-generated MTN recommendation,Data
8064927394,2.31,105,True,132mb,840mb,4.04gb,2.07gb,18min,72min,288min,Auto-generated MTN recommendation,None
9037216755,2.97,100,True,21mb,97mb,453mb,495mb,32min,160min,640min,Auto-generated MTN recommendation,None
8061360007,4.16,95,False,1.64gb,8.62gb,36.59gb,1.23gb,52min,364min,1456min,Auto-generated MTN recommendation,None
8031970994,0.17,188,False,608mb,3.31gb,14.49gb,9mb,28min,196min,588min,Auto-generated MTN recommendation,Airtime
8037910504,1.66,88,False,1.89gb,9.64gb,37.89gb,1.38gb,50min,300min,1500min,Auto-generated MTN recommendation,Airtime
9031727552,0.07,128,True,351mb,2.15gb,9.93gb,38mb,13min,78min,390min,Auto-generated MTN recommendation,None
9038472873,7.77,101,False,1.63gb,9.63gb,40.0gb,6.96gb,19min,133min,399min,Auto-generated MTN recommendation,None
7033019520,2.44,67,False,101mb,546mb,1.81gb,987mb,0min,0min,0min,Auto-generated MTN recommendation,Data
8062983568,21.86,89,False,160mb,725mb,3.03gb,5.84gb,43min,172min,860min,Auto-generated MTN recommendation,None
7068946224,2.6,113,True,469mb,3.19gb,10.5gb,1.22gb,3min,18min,90min,Auto-generated MTN recommendation,None
8069603904,1.57,138,True,228mb,1.46gb,6.44gb,1.02gb,44min,220min,880min,Auto-generated MTN recommendation,Airtime
8139724555,3.69,81,False,45mb,230mb,835mb,1.35gb,59min,295min,885min,Auto-generated MTN recommendation,None
9065659383,12.04,56,False,1.47gb,6.11gb,29.27gb,5.06gb,49min,245min,735min,Auto-generated MTN recommendation,Airtime
8133274460,0.23,218,True,674mb,2.86gb,11.43gb,131mb,13min,78min,312min,Auto-generated MTN recommendation,Airtime
9031477832,3.85,44,True,1.11gb,7.03gb,28.08gb,1.3gb,6min,30min,120min,Auto-generated MTN recommendation,Data
8137393043,19.03,14,True,915mb,6.02gb,23.46gb,16.93gb,49min,245min,735min,Auto-generated MTN recommendation,None
8033177007,6.41,59,False,1.02gb,6.66gb,24.68gb,1.6gb,19min,114min,342min,Auto-generated MTN recommendation,Data
8036119728,10.22,35,True,916mb,4.45gb,14.45gb,869mb,42min,168min,840min,Auto-generated MTN recommendation,Airtime
9031420396,0.8,116,True,406mb,2.64gb,9.27gb,590mb,29min,174min,870min,Auto-generated MTN recommendation,None
7067243295,20.23,88,True,1.33gb,7.54gb,25.71gb,545mb,33min,132min,528min,Auto-generated MTN recommendation,Data
8132952754,0.27,311,True,1.17gb,6.05gb,21.96gb,129mb,21min,126min,630min,Auto-generated MTN recommendation,None
8162375373,0.3,103,False,1.41gb,7.65gb,27.53gb,60mb,36min,144min,576min,Auto-generated MTN recommendation,Data
8166622641,0.06,313,True,1.79gb,8.44gb,38.83gb,46mb,18min,90min,270min,Auto-generated MTN recommendation,Airtime
7067943025,2.28,115,True,1.53gb,6.11gb,28.33gb,469mb,5min,35min,105min,Auto-generated MTN recommendation,Data
8169199027,0.29,259,False,191mb,1.12gb,3.98gb,38mb,6min,36min,180min,Auto-generated MTN recommendation,Airtime
8031360264,1.87,121,True,441mb,1.83gb,6.1gb,1.75gb,59min,413min,2065min,Auto-generated MTN recommendation,Airtime
7034531306,2.6,97,False,1.42gb,7.58gb,33.2gb,209mb,45min,315min,1260min,Auto-generated MTN recommendation,None
7069581778,8.72,37,True,235mb,1.09gb,4.26gb,3.87gb,44min,176min,704min,Auto-generated MTN recommendation,Data
8038795377,1.25,118,True,1.83gb,12.31gb,49.46gb,652mb,41min,287min,1435min,Auto-generated MTN recommendation,None
7035156589,5.42,81,False,1.66gb,7.15gb,21.63gb,3.78gb,33min,198min,792min,Auto-generated MTN recommendation,None
8162164310,4.85,61,False,912mb,5.45gb,20.1gb,1.81gb,8min,56min,224min,Auto-generated MTN recommendation,None
7035415830,0.24,106,True,1.41gb,8.03gb,33.84gb,81mb,36min,144min,720min,Auto-generated MTN recommendation,Airtime
7066149533,0.04,301,False,121mb,702mb,3.03gb,40mb,50min,250min,1250min,Auto-generated MTN recommendation,Airtime
8035425315,6.78,107,True,1.81gb,12.6gb,43.43gb,1.82gb,54min,216min,864min,Auto-generated MTN recommendation,Data
9065011758,7.54,120,False,1.72gb,9.03gb,31.2gb,4.96gb,57min,228min,684min,Auto-generated MTN recommendation,Airtime
8132516141,1.47,89,False,1.57gb,8.14gb,31.87gb,179mb,57min,399min,1995min,Auto-generated MTN recommendation,Data
7033942746,2.63,65,True,1.1gb,5.78gb,27.65gb,2.47gb,11min,66min,330min,Auto-generated MTN recommendation,Data
9038538822,12.75,49,True,242mb,975mb,3.32gb,591mb,56min,224min,672min,Auto-generated MTN recommendation,None
8161644778,0.91,56,False,419mb,1.75gb,5.64gb,314mb,50min,350min,1400min,Auto-generated MTN recommendation,None
8061252078,0.28,363,True,925mb,3.94gb,16.45gb,217mb,60min,420min,2100min,Auto-generated MTN recommendation,None
8168557218,1.89,128,True,1.25gb,8.02gb,33.14gb,1.18gb,58min,290min,1160min,Auto-generated MTN recommendation,Data
8062283397,1.06,144,True,1.74gb,7.29gb,32.77gb,327mb,60min,300min,1200min,Auto-generated MTN recommendation,Data
7032375228,0.16,119,True,422mb,2.08gb,8.9gb,15mb,14min,98min,294min,Auto-generated MTN recommendation,None
7066741985,0.18,185,True,382mb,2.08gb,10.33gb,116mb,51min,255min,1020min,Auto-generated MTN recommendation,Airtime
7062043935,2.05,79,False,1.5gb,10.41gb,40.58gb,1.74gb,10min,50min,150min,Auto-generated MTN recommendation,None
9034233987,2.8,140,False,1.89gb,11.49gb,48.05gb,312mb,14min,98min,294min,Auto-generated MTN recommendation,Airtime
7065314406,7.67,66,False,666mb,4.09gb,16.88gb,5.4gb,12min,84min,420min,Auto-generated MTN recommendation,None
9031831652,0.61,132,True,414mb,2.48gb,8.91gb,7mb,31min,217min,651min,Auto-generated MTN recommendation,Data
8166488542,0.72,147,True,1.11gb,5.57gb,20.97gb,608mb,22min,154min,462min,Auto-generated MTN recommendation,None
8035203987,0.14,317,False,1.35gb,7.49gb,28.93gb,139mb,6min,30min,90min,Auto-generated MTN recommendation,Data
7065005129,3.21,108,False,1.52gb,10.25gb,42.91gb,2.8gb,17min,102min,408min,Auto-generated MTN recommendation,None
8061332869,5.02,113,False,504mb,3.44gb,16.16gb,5.0gb,10min,50min,250min,Auto-generated MTN recommendation,None
7062806889,19.23,57,False,602mb,3.46gb,16.63gb,19.01gb,14min,84min,336min,Auto-generated MTN recommendation,Airtime
9035359079,0.04,316,False,766mb,4.57gb,19.7gb,35mb,37min,222min,1110min,Auto-generated MTN recommendation,Airtime
8162097855,2.85,116,True,1.85gb,11.68gb,40.68gb,1.93gb,40min,240min,1200min,Auto-generated MTN recommendation,Airtime
9068918086,4.03,95,True,1.5gb,10.3gb,44.33gb,2.68gb,55min,385min,1925min,Auto-generated MTN recommendation,None
9068870634,5.55,78,True,416mb,2.23gb,10.32gb,516mb,5min,30min,90min,Auto-generated MTN recommendation,Data
8032801450,0.14,397,True,1.54gb,6.43gb,27.2gb,53mb,10min,40min,200min,Auto-generated MTN recommendation,Airtime
9033269049,0.02,140,True,1.95gb,11.51gb,52.97gb,19mb,55min,220min,660min,Auto-generated MTN recommendation,Airtime
7066262743,1.92,64,False,874mb,4.99gb,18.52gb,1.26gb,38min,228min,1140min,Auto-generated MTN recommendation,Airtime
9067473395,18.66,93,True,259mb,1.31gb,5.74gb,14.19gb,42min,294min,1176min,Auto-generated MTN recommendation,Airtime
8165594950,23.97,57,False,1.29gb,6.45gb,21.69gb,9.11gb,29min,174min,870min,Auto-generated MTN recommendation,Data
9062238657,1.94,116,True,163mb,991mb,3.99gb,640mb,2min,8min,32min,Auto-generated MTN recommendation,Airtime
9063678116,0.6,139,False,1.05gb,6.03gb,28.43gb,361mb,57min,285min,855min,Auto-generated MTN recommendation,Data
8167278210,2.84,67,True,1.48gb,6.29gb,28.13gb,1.27gb,5min,25min,75min,Auto-generated MTN recommendation,None
9039355642,1.62,95,True,744mb,3.87gb,15.83gb,516mb,37min,185min,555min,Auto-generated MTN recommendation,Airtime
8065854686,1.18,89,True,1.62gb,9.96gb,49.27gb,257mb,50min,200min,600min,Auto-generated MTN recommendation,Airtime
8161074640,0.13,329,True,975mb,6.48gb,24.92gb,89mb,44min,264min,1056min,Auto-generated MTN recommendation,None
8163380963,5.83,120,True,1.72gb,11.89gb,45.82gb,5.75gb,50min,250min,750min,Auto-generated MTN recommendation,Data
9034830979,0.92,69,True,1.07gb,6.43gb,25.16gb,888mb,33min,198min,594min,Auto-generated MTN recommendation,Airtime
7032441202,4.06,108,True,1.3gb,5.63gb,20.53gb,3.62gb,42min,210min,840min,Auto-generated MTN recommendation,Airtime
9069962751,0.01,304,True,406mb,2.34gb,10.28gb,2mb,34min,170min,850min,Auto-generated MTN recommendation,None
9069748357,0.23,195,False,176mb,794mb,2.74gb,200mb,57min,285min,1140min,Auto-generated MTN recommendation,Data
8033288632,0.23,136,True,1.65gb,6.7gb,20.2gb,69mb,5min,30min,90min,Auto-generated MTN recommendation,Data
8038341399,2.15,106,True,285mb,1.83gb,8.63gb,407mb,23min,138min,690min,Auto-generated MTN recommendation,None
8033662725,22.13,62,False,764mb,2.99gb,14.52gb,11.71gb,18min,72min,360min,Auto-generated MTN recommendation,Airtime
8161223440,7.92,79,True,38mb,266mb,888mb,4.82gb,53min,212min,848min,Auto-generated MTN recommendation,Airtime
8061518349,9.92,32,True,1.09gb,6.28gb,19.33gb,755mb,52min,260min,780min,Auto-generated MTN recommendation,Airtime
9038637769,6.1,113,True,115mb,683mb,2.55gb,4.27gb,23min,115min,575min,Auto-generated MTN recommendation,None
8134414707,0.18,367,True,1.46gb,6.18gb,26.22gb,7mb,1min,6min,18min,Auto-generated MTN recommendation,None
8161480395,3.14,43,False,1.28gb,6.4gb,23.91gb,2.82gb,52min,364min,1820min,Auto-generated MTN recommendation,Airtime
9067929998,3.8,81,False,120mb,687mb,2.92gb,1.85gb,58min,290min,870min,Auto-generated MTN recommendation,Airtime
9036740277,6.82,57,False,36mb,252mb,1.23gb,6.65gb,25min,125min,500min,Auto-generated MTN recommendation,Data
7063930990,24.72,16,True,456mb,2.49gb,8.62gb,15.07gb,9min,63min,189min,Auto-generated MTN recommendation,None
7068820394,2.09,99,True,462mb,3.13gb,14.96gb,1.53gb,24min,96min,480min,Auto-generated MTN recommendation,Data
8038902718,15.1,86,True,1.14gb,6.21gb,22.62gb,11.91gb,45min,225min,675min,Auto-generated MTN recommendation,Data
7067719873,0.16,391,False,468mb,3.04gb,12.76gb,70mb,10min,40min,120min,Auto-generated MTN recommendation,Data
9034271970,5.7,119,True,1.99gb,9.03gb,36.78gb,61mb,43min,215min,1075min,Auto-generated MTN recommendation,Airtime
8064777436,0.05,193,True,423mb,2.4gb,8.61gb,38mb,0min,0min,0min,Auto-generated MTN recommendation,Airtime
8164583553,0.78,144,True,121mb,538mb,1.86gb,222mb,25min,150min,750min,Auto-generated MTN recommendation,Data
9033673896,0.18,336,True,705mb,3.34gb,13.93gb,47mb,6min,42min,168min,Auto-generated MTN recommendation,Airtime
7066483376,0.24,187,True,1.92gb,11.5gb,44.4gb,141mb,17min,68min,204min,Auto-generated MTN recommendation,Airtime
9069817461,0.02,167,True,228mb,1.07gb,4.1gb,11mb,60min,300min,900min,Auto-generated MTN recommendation,Airtime
8036372435,0.29,367,True,990mb,6.52gb,29.95gb,8mb,53min,265min,795min,Auto-generated MTN recommendation,None
8032171562,1.3,83,True,926mb,4.49gb,14.39gb,1.06gb,25min,100min,500min,Auto-generated MTN recommendation,None
8133423456,0.76,139,False,1.58gb,8.73gb,34.6gb,153mb,0min,0min,0min,Auto-generated MTN recommendation,None
8169038483,0.1,223,False,1.77gb,11.02gb,35.41gb,97mb,59min,295min,1180min,Auto-generated MTN recommendation,Data
7067867261,0.69,86,True,388mb,2.24gb,11.02gb,705mb,13min,91min,273min,Auto-generated MTN recommendation,None
7036389031,0.2,285,False,1014mb,4.24gb,17.3gb,95mb,12min,84min,336min,Auto-generated MTN recommendation,None
8039739481,6.63,116,True,1.55gb,8.71gb,39.66gb,1.24gb,42min,168min,504min,Auto-generated MTN recommendation,Data
9031062001,2.02,88,True,1.29gb,5.72gb,27.11gb,226mb,30min,120min,480min,Auto-generated MTN recommendation,None
9061810116,1.29,135,True,48mb,306mb,1.39gb,1.29gb,2min,8min,32min,Auto-generated MTN recommendation,None
8034209705,0.18,108,False,983mb,6.32gb,28.27gb,146mb,14min,70min,280min,Auto-generated MTN recommendation,Data
8064421763,0.28,390,True,1.36gb,8.32gb,37.46gb,13mb,52min,312min,1560min,Auto-generated MTN recommendation,None
7032512108,5.04,98,True,1.02gb,5.76gb,26.79gb,4.46gb,46min,184min,920min,Auto-generated MTN recommendation,Data
9067746329,0.99,85,False,1.61gb,8.81gb,30.25gb,485mb,32min,192min,576min,Auto-generated MTN recommendation,Data
9068690090,1.73,141,False,1.26gb,7.71gb,26.13gb,601mb,36min,252min,756min,Auto-generated MTN recommendation,Airtime
7035353035,0.29,246,True,1.99gb,13.66gb,66.35gb,115mb,17min,102min,510min,Auto-generated MTN recommendation,None
8033096260,0.27,372,True,401mb,2.69gb,11.15gb,93mb,60min,360min,1080min,Auto-generated MTN recommendation,None
8062659194,1.83,57,True,1.24gb,5.09gb,19.31gb,687mb,39min,273min,1092min,Auto-generated MTN recommendation,Data
9065938235,5.18,40,False,188mb,845mb,3.8gb,3.84gb,32min,160min,480min,Auto-generated MTN recommendation,Airtime
7031798411,2.97,119,False,609mb,3.48gb,13.89gb,2.22gb,11min,66min,264min,Auto-generated MTN recommendation,Airtime
8033561262,4.35,88,True,1.22gb,8.26gb,36.13gb,1.63gb,33min,198min,990min,Auto-generated MTN recommendation,None
8166007903,6.97,93,False,356mb,2.12gb,6.68gb,463mb,50min,250min,750min,Auto-generated MTN recommendation,None
7033340973,6.21,92,False,1.42gb,7.25gb,29.11gb,3.13gb,35min,140min,420min,Auto-generated MTN recommendation,None
7062200632,0.12,109,False,593mb,3.6gb,15.16gb,0mb,53min,265min,795min,Auto-generated MTN recommendation,None
7061282962,1.5,123,False,1.52gb,6.46gb,30.44gb,378mb,54min,378min,1134min,Auto-generated MTN recommendation,Airtime
7064917426,20.61,13,False,1.97gb,12.95gb,57.22gb,14.77gb,1min,6min,30min,Auto-generated MTN recommendation,None
7069972866,7.57,107,True,928mb,5.95gb,21.19gb,6.22gb,54min,324min,972min,Auto-generated MTN recommendation,Airtime
7035841644,2.11,138,False,1.46gb,7.43gb,36.78gb,459mb,58min,348min,1044min,Auto-generated MTN recommendation,Airtime
9034124262,0.14,164,True,367mb,1.55gb,5.91gb,75mb,15min,60min,180min,Auto-generated MTN recommendation,Data
8164867920,0.16,196,True,937mb,3.98gb,18.62gb,34mb,34min,170min,850min,Auto-generated MTN recommendation,Data
8036177394,16.43,43,True,1.66gb,9.88gb,38.86gb,7.52gb,7min,49min,245min,Auto-generated MTN recommendation,None
8034028289,4.03,52,False,1.69gb,7.94gb,38.82gb,929mb,47min,329min,987min,Auto-generated MTN recommendation,Data
9035237278,3.45,35,False,1.42gb,8.14gb,32.76gb,3.44gb,13min,91min,273min,Auto-generated MTN recommendation,None
9062460075,4.51,42,True,226mb,1022mb,3.94gb,1.46gb,24min,168min,504min,Auto-generated MTN recommendation,Airtime
8139436123,0.21,356,False,1.55gb,10.78gb,51.61gb,90mb,34min,136min,544min,Auto-generated MTN recommendation,Data
9064047207,1.54,144,False,862mb,3.9gb,15.21gb,1.27gb,8min,56min,224min,Auto-generated MTN recommendation,Airtime
7032906418,0.04,284,False,129mb,621mb,1.9gb,19mb,16min,80min,400min,Auto-generated MTN recommendation,Airtime
8162222247,4.45,96,False,733mb,4.21gb,13.18gb,1.73gb,19min,95min,475min,Auto-generated MTN recommendation,None
8062709383,0.08,284,True,969mb,3.92gb,17.44gb,48mb,2min,14min,42min,Auto-generated MTN recommendation,Data
9036783410,16.04,70,True,1.83gb,7.5gb,26.14gb,11.57gb,33min,231min,693min,Auto-generated MTN recommendation,None
8061345076,1.8,59,False,924mb,4.37gb,19.24gb,494mb,20min,120min,480min,Auto-generated MTN recommendation,Airtime
8068262705,4.42,91,False,1.66gb,6.65gb,30.08gb,3.07gb,9min,45min,180min,Auto-generated MTN recommendation,Data
9032578530,1.13,123,True,971mb,6.58gb,32.79gb,645mb,3min,21min,84min,Auto-generated MTN recommendation,Data
7064467578,2.77,126,True,1.01gb,5.19gb,23.5gb,430mb,45min,225min,1125min,Auto-generated MTN recommendation,Data
9069297397,2.23,89,False,959mb,4.06gb,18.98gb,1002mb,18min,90min,450min,Auto-generated MTN recommendation,None
8068762860,0.26,171,True,761mb,5.2gb,24.35gb,172mb,4min,28min,112min,Auto-generated MTN recommendation,Airtime
8061368688,2.9,116,True,1.64gb,9.89gb,45.87gb,1.29gb,37min,222min,888min,Auto-generated MTN recommendation,None
9036357867,3.89,71,True,1.51gb,8.06gb,24.23gb,3.52gb,14min,70min,350min,Auto-generated MTN recommendation,Data
8163023934,6.41,103,True,617mb,3.49gb,13.8gb,4.88gb,45min,225min,675min,Auto-generated MTN recommendation,Airtime
9033169230,0.29,387,False,1.11gb,5.44gb,24.62gb,209mb,53min,265min,795min,Auto-generated MTN recommendation,None
9036579891,5.24,117,False,878mb,3.74gb,17.3gb,796mb,52min,260min,780min,Auto-generated MTN recommendation,None
8166251725,5.93,35,True,603mb,2.86gb,13.66gb,4.05gb,5min,30min,120min,Auto-generated MTN recommendation,Airtime
8137933978,0.04,245,False,848mb,4.96gb,18.28gb,32mb,20min,80min,320min,Auto-generated MTN recommendation,Data
8161581627,4.21,75,False,1.97gb,12.16gb,37.83gb,2.64gb,41min,205min,1025min,Auto-generated MTN recommendation,None
7063549077,4.23,70,False,1.54gb,10.63gb,33.61gb,1.61gb,25min,150min,750min,Auto-generated MTN recommendation,Airtime
7036552429,16.48,36,True,169mb,1008mb,3.35gb,9.1gb,49min,196min,980min,Auto-generated MTN recommendation,Data
7068448999,5.14,79,True,584mb,3.58gb,13.22gb,2.67gb,16min,112min,560min,Auto-generated MTN recommendation,Data
9069636854,0.16,283,False,1.8gb,9.84gb,35.31gb,108mb,37min,148min,444min,Auto-generated MTN recommendation,None
7062411168,0.06,224,False,1.38gb,5.76gb,18.73gb,34mb,29min,174min,870min,Auto-generated MTN recommendation,Airtime
8133326710,4.61,54,False,1.53gb,10.35gb,36.13gb,2.37gb,46min,322min,966min,Auto-generated MTN recommendation,Airtime
7065793000,0.04,340,True,212mb,993mb,3.9gb,32mb,37min,259min,1295min,Auto-generated MTN recommendation,None
8035533737,5.14,119,True,1.34gb,6.98gb,26.0gb,2.39gb,46min,276min,828min,Auto-generated MTN recommendation,None
8069881402,3.69,92,False,743mb,4.0gb,16.52gb,193mb,23min,115min,460min,Auto-generated MTN recommendation,Airtime
8063808877,24.97,45,True,1010mb,4.76gb,21.49gb,10.23gb,17min,102min,408min,Auto-generated MTN recommendation,Airtime
8135664966,0.04,217,False,1.99gb,13.9gb,48.58gb,16mb,54min,270min,1350min,Auto-generated MTN recommendation,Airtime
8065725349,4.19,71,True,1.33gb,6.1gb,19.55gb,3.0gb,42min,168min,504min,Auto-generated MTN recommendation,None
7036357895,4.29,114,True,609mb,3.22gb,10.81gb,1.73gb,37min,259min,1036min,Auto-generated MTN recommendation,Data
9061748364,4.93,62,True,1.5gb,7.57gb,33.48gb,2.71gb,7min,28min,84min,Auto-generated MTN recommendation,Data
7069694016,0.22,210,True,1.98gb,10.55gb,32.53gb,203mb,36min,144min,576min,Auto-generated MTN recommendation,None
8136969190,7.15,94,False,214mb,1.06gb,4.89gb,6.4gb,51min,306min,918min,Auto-generated MTN recommendation,None
8039636519,0.22,121,True,844mb,5.6gb,19.53gb,157mb,28min,140min,560min,Auto-generated MTN recommendation,Data
8135523887,5.53,80,False,1.91gb,12.42gb,40.73gb,4.53gb,23min,138min,690min,Auto-generated MTN recommendation,None
8036885607,1.72,147,True,84mb,591mb,1.87gb,999mb,6min,36min,144min,Auto-generated MTN recommendation,Data
7069261591,2.21,89,False,41mb,212mb,730mb,51mb,4min,16min,48min,Auto-generated MTN recommendation,Data
9066358953,4.86,61,False,1.14gb,6.97gb,27.57gb,2.14gb,59min,236min,708min,Auto-generated MTN recommendation,Airtime
7062591140,0.1,204,True,431mb,2.07gb,7.39gb,47mb,13min,78min,390min,Auto-generated MTN recommendation,Data
9066168961,0.24,172,True,762mb,3.9gb,15.67gb,110mb,13min,91min,273min,Auto-generated MTN recommendation,None
8169263182,2.07,82,True,117mb,724mb,2.5gb,858mb,57min,399min,1995min,Auto-generated MTN recommendation,None
7035991891,0.19,339,True,714mb,4.4gb,16.92gb,153mb,10min,70min,350min,Auto-generated MTN recommendation,Data
8063963389,6.82,90,True,1.24gb,6.22gb,24.68gb,2.62gb,31min,155min,775min,Auto-generated MTN recommendation,None
7034602654,11.51,41,False,1.17gb,7.2gb,26.65gb,1.68gb,56min,224min,896min,Auto-generated MTN recommendation,Airtime
7065898362,7.42,63,True,1.46gb,8.24gb,37.77gb,4.06gb,48min,192min,768min,Auto-generated MTN recommendation,None
9039425411,0.88,91,True,1.91gb,10.22gb,30.69gb,163mb,13min,78min,312min,Auto-generated MTN recommendation,Airtime
7031495644,0.25,158,True,1.43gb,7.36gb,25.0gb,12mb,9min,54min,216min,Auto-generated MTN recommendation,None
9067942476,22.19,83,False,1.04gb,5.36gb,26.73gb,21.98gb,31min,186min,558min,Auto-generated MTN recommendation,Airtime
9034970905,0.28,177,False,1.06gb,4.85gb,17.78gb,131mb,12min,48min,192min,Auto-generated MTN recommendation,Airtime
8031159144,0.2,141,True,889mb,3.5gb,12.3gb,151mb,0min,0min,0min,Auto-generated MTN recommendation,Data
8063372919,8.41,37,False,1.93gb,8.15gb,31.07gb,3.7gb,38min,190min,760min,Auto-generated MTN recommendation,None
9034146811,18.81,17,True,410mb,2.33gb,8.69gb,224mb,34min,170min,510min,Auto-generated MTN recommendation,Data
7069108884,0.17,256,True,108mb,727mb,3.35gb,33mb,46min,322min,966min,Auto-generated MTN recommendation,Airtime
8135786945,0.15,117,True,733mb,3.54gb,11.01gb,113mb,55min,220min,880min,Auto-generated MTN recommendation,Data
9031625244,2.97,117,False,1.8gb,9.13gb,28.74gb,277mb,37min,185min,740min,Auto-generated MTN recommendation,Data
8165019981,0.29,114,False,1.71gb,8.92gb,40.25gb,239mb,10min,40min,200min,Auto-generated MTN recommendation,Airtime
7033815360,0.21,298,True,172mb,1.05gb,3.76gb,209mb,44min,264min,1320min,Auto-generated MTN recommendation,None
9063469130,2.69,92,False,1.71gb,8.96gb,42.36gb,439mb,34min,170min,510min,Auto-generated MTN recommendation,Airtime
9061784836,2.56,123,True,954mb,5.06gb,23.29gb,694mb,20min,100min,500min,Auto-generated MTN recommendation,Data
7036418648,1.58,109,False,1.67gb,9.42gb,31.59gb,203mb,19min,76min,304min,Auto-generated MTN recommendation,Data
8134757028,0.78,148,False,768mb,3.84gb,12.37gb,4mb,8min,32min,96min,Auto-generated MTN recommendation,None
7063781076,6.3,33,False,1.16gb,7.13gb,23.71gb,2.88gb,48min,336min,1680min,Auto-generated MTN recommendation,Data
7032679289,0.16,296,True,1.13gb,6.77gb,25.76gb,75mb,41min,205min,615min,Auto-generated MTN recommendation,Airtime
9068682698,0.22,269,False,1.13gb,7.36gb,28.18gb,0mb,38min,190min,570min,Auto-generated MTN recommendation,Airtime
7034015910,0.1,328,False,496mb,2.04gb,6.41gb,36mb,54min,324min,972min,Auto-generated MTN recommendation,None
9064398021,5.36,104,False,269mb,1.48gb,5.25gb,936mb,1min,4min,20min,Auto-generated MTN recommendation,Data
7039668261,6.41,55,False,836mb,4.83gb,19.83gb,2.65gb,48min,288min,1440min,Auto-generated MTN recommendation,Airtime
8163735889,0.18,326,True,66mb,335mb,1.63gb,141mb,37min,259min,1295min,Auto-generated MTN recommendation,Airtime
8061412967,22.91,28,True,312mb,1.35gb,6.74gb,3mb,55min,385min,1540min,Auto-generated MTN recommendation,Data
7032589572,0.09,344,True,1.4gb,8.67gb,35.49gb,55mb,43min,172min,860min,Auto-generated MTN recommendation,Data
7061460164,5.4,76,True,1.0gb,6.89gb,22.97gb,4.58gb,35min,140min,420min,Auto-generated MTN recommendation,None
9035200868,21.16,73,False,1.37gb,7.73gb,24.79gb,20.91gb,39min,156min,780min,Auto-generated MTN recommendation,None
9064720829,0.76,81,True,1.41gb,7.04gb,23.12gb,537mb,39min,195min,780min,Auto-generated MTN recommendation,Airtime
8034690832,0.18,262,False,294mb,1.91gb,7.83gb,43mb,5min,20min,100min,Auto-generated MTN recommendation,Data
7064837621,0.2,345,True,1.76gb,11.16gb,43.81gb,199mb,38min,152min,456min,Auto-generated MTN recommendation,Data
9063897991,7.42,90,True,1.06gb,7.22gb,32.78gb,6.81gb,33min,132min,660min,Auto-generated MTN recommendation,Data
8035950873,4.82,104,True,1.35gb,8.04gb,32.59gb,4.65gb,57min,285min,1140min,Auto-generated MTN recommendation,None
8039257016,7.35,94,False,1.14gb,7.6gb,35.35gb,458mb,48min,288min,1152min,Auto-generated MTN recommendation,Data
7063561644,6.65,38,True,1.47gb,7.76gb,32.86gb,5.07gb,51min,306min,918min,Auto-generated MTN recommendation,None
8166984510,6.59,45,False,1.23gb,5.71gb,25.64gb,3.95gb,19min,114min,342min,Auto-generated MTN recommendation,Airtime
9034628514,2.18,73,True,1.43gb,8.4gb,29.98gb,73mb,17min,119min,476min,Auto-generated MTN recommendation,None
7063489851,0.04,108,False,256mb,1.32gb,3.98gb,31mb,33min,231min,924min,Auto-generated MTN recommendation,Data
8165204372,0.29,246,True,139mb,618mb,2.33gb,229mb,20min,140min,420min,Auto-generated MTN recommendation,None
8063836558,8.35,38,False,1.67gb,10.43gb,46.07gb,2.36gb,53min,212min,848min,Auto-generated MTN recommendation,Airtime
9034748262,2.57,123,True,1.61gb,10.34gb,49.85gb,2.34gb,39min,195min,780min,Auto-generated MTN recommendation,Airtime
9066046028,0.59,68,False,1.27gb,6.99gb,23.04gb,74mb,60min,360min,1440min,Auto-generated MTN recommendation,Data
8161205940,0.28,201,True,1.63gb,6.79gb,30.55gb,118mb,21min,126min,378min,Auto-generated MTN recommendation,None
8135197667,0.2,141,False,914mb,4.51gb,19.44gb,146mb,29min,174min,696min,Auto-generated MTN recommendation,None
9067708184,1.04,79,True,263mb,1.37gb,6.78gb,838mb,40min,160min,640min,Auto-generated MTN recommendation,Airtime
8033081736,5.12,62,False,1.98gb,8.12gb,26.57gb,1.51gb,37min,148min,740min,Auto-generated MTN recommendation,None
8169624288,3.35,91,True,1.72gb,7.57gb,36.05gb,1.51gb,14min,98min,392min,Auto-generated MTN recommendation,Data
8161284936,3.64,32,True,149mb,630mb,2.77gb,1.53gb,0min,0min,0min,Auto-generated MTN recommendation,Airtime
7035596191,0.23,366,True,35mb,153mb,523mb,201mb,15min,60min,180min,Auto-generated MTN recommendation,Airtime
7034617846,5.44,102,False,456mb,2.73gb,10.86gb,3.39gb,2min,14min,56min,Auto-generated MTN recommendation,Data
7031870467,1.01,67,True,1.13gb,6.16gb,29.26gb,828mb,31min,186min,744min,Auto-generated MTN recommendation,Airtime
8062641029,2.65,80,True,969mb,4.5gb,13.96gb,1.55gb,21min,105min,315min,Auto-generated MTN recommendation,Data
7064416823,14.05,51,False,120mb,810mb,2.71gb,3.07gb,49min,196min,784min,Auto-generated MTN recommendation,Data
9031423178,3.57,76,True,1.06gb,4.77gb,19.06gb,3.21gb,6min,42min,168min,Auto-generated MTN recommendation,Data
8039492591,7.62,83,False,930mb,4.89gb,20.68gb,589mb,23min,161min,644min,Auto-generated MTN recommendation,Airtime
8133540727,0.87,120,True,1.11gb,4.98gb,17.8gb,184mb,53min,212min,848min,Auto-generated MTN recommendation,Data
8169808737,0.27,180,False,242mb,1.49gb,5.24gb,136mb,51min,306min,1224min,Auto-generated MTN recommendation,Airtime
9032034584,0.68,88,False,674mb,4.61gb,16.62gb,107mb,57min,342min,1368min,Auto-generated MTN recommendation,Data
8065202885,0.23,136,False,678mb,3.19gb,12.18gb,88mb,2min,14min,56min,Auto-generated MTN recommendation,Airtime
9065019305,0.24,189,True,1.97gb,9.83gb,42.96gb,165mb,27min,162min,810min,Auto-generated MTN recommendation,None
8039137646,8.33,21,False,1005mb,5.7gb,26.86gb,4.51gb,23min,92min,276min,Auto-generated MTN recommendation,Airtime
7031089806,0.18,379,False,171mb,781mb,3.66gb,72mb,41min,246min,984min,Auto-generated MTN recommendation,None
8163240855,7.35,42,True,840mb,4.56gb,22.63gb,7.1gb,47min,235min,940min,Auto-generated MTN recommendation,Data
9066735106,0.68,104,False,1.21gb,6.17gb,28.01gb,615mb,48min,336min,1008min,Auto-generated MTN recommendation,None
9065843950,4.68,99,False,1.21gb,7.36gb,28.49gb,1.95gb,8min,56min,280min,Auto-generated MTN recommendation,Data
8032311267,0.28,369,True,1.14gb,5.01gb,24.16gb,236mb,23min,115min,575min,Auto-generated MTN recommendation,None
7061634515,1.95,109,False,508mb,2.37gb,10.62gb,1.68gb,7min,35min,140min,Auto-generated MTN recommendation,None
9034007636,6.81,97,True,825mb,3.29gb,12.88gb,3.6gb,8min,32min,128min,Auto-generated MTN recommendation,Data
8067383614,2.72,141,False,1.42gb,8.39gb,26.52gb,531mb,50min,250min,1250min,Auto-generated MTN recommendation,Data
8037473685,2.94,72,False,983mb,4.43gb,13.84gb,2.65gb,17min,68min,340min,Auto-generated MTN recommendation,None
7037024659,0.17,333,True,1.16gb,5.05gb,20.7gb,48mb,44min,308min,1540min,Auto-generated MTN recommendation,None
9037322416,3.99,120,True,1.81gb,11.24gb,39.8gb,1.13gb,52min,312min,1560min,Auto-generated MTN recommendation,Airtime
8164170599,2.72,85,True,1.56gb,9.82gb,35.08gb,929mb,42min,210min,630min,Auto-generated MTN recommendation,Data
8131764252,2.07,84,True,1.56gb,6.34gb,30.16gb,1.51gb,1min,7min,35min,Auto-generated MTN recommendation,None
8165330328,2.58,58,True,614mb,2.68gb,12.36gb,248mb,58min,232min,1160min,Auto-generated MTN recommendation,Airtime
8069280247,12.62,35,False,1.36gb,9.02gb,40.21gb,12.08gb,45min,180min,720min,Auto-generated MTN recommendation,Data
7061578966,0.17,328,True,1.2gb,5.7gb,18.76gb,24mb,47min,188min,752min,Auto-generated MTN recommendation,Data
7039414475,0.93,61,True,711mb,3.17gb,13.29gb,431mb,35min,210min,840min,Auto-generated MTN recommendation,Data
7034995423,0.14,233,False,125mb,610mb,2.16gb,2mb,26min,104min,312min,Auto-generated MTN recommendation,Data
8132530198,1.45,129,False,1.76gb,11.21gb,36.04gb,900mb,45min,180min,720min,Auto-generated MTN recommendation,Data
8035077329,2.59,136,True,1.74gb,9.93gb,32.07gb,1.06gb,59min,354min,1416min,Auto-generated MTN recommendation,Data
9067271465,1.04,125,True,384mb,2.48gb,8.5gb,741mb,15min,75min,300min,Auto-generated MTN recommendation,None
7063431300,3.04,105,True,1.92gb,7.95gb,25.47gb,1.09gb,58min,232min,696min,Auto-generated MTN recommendation,Airtime
9038726798,0.8,88,True,1.05gb,7.09gb,30.56gb,739mb,53min,318min,954min,Auto-generated MTN recommendation,None
7033249712,2.98,102,True,1.64gb,7.59gb,33.73gb,1.79gb,3min,21min,84min,Auto-generated MTN recommendation,Data
8133059878,3.24,37,False,1.59gb,9.99gb,44.23gb,105mb,44min,264min,1320min,Auto-generated MTN recommendation,None
7068343434,2.43,56,True,1.15gb,5.31gb,25.43gb,1.12gb,36min,252min,1260min,Auto-generated MTN recommendation,None
8161541324,0.03,308,False,1.65gb,8.37gb,37.57gb,23mb,3min,18min,54min,Auto-generated MTN recommendation,Airtime
7033624896,2.83,80,False,1.16gb,6.08gb,22.67gb,1.49gb,37min,185min,555min,Auto-generated MTN recommendation,Data
7038498725,2.77,80,False,1.1gb,6.93gb,27.97gb,2.56gb,13min,78min,312min,Auto-generated MTN recommendation,Airtime
8131478585,1.65,104,False,746mb,3.38gb,12.27gb,869mb,4min,28min,140min,Auto-generated MTN recommendation,Airtime
8035189225,5.31,40,True,1.67gb,9.48gb,47.09gb,5.3gb,28min,112min,448min,Auto-generated MTN recommendation,Airtime
8132264533,1.08,108,False,1.63gb,9.27gb,37.22gb,202mb,46min,276min,1380min,Auto-generated MTN recommendation,None
9031655387,1.25,59,True,644mb,3.87gb,12.7gb,131mb,29min,116min,348min,Auto-generated MTN recommendation,Data
8131268743,0.24,356,True,1.52gb,8.72gb,38.54gb,120mb,14min,84min,420min,Auto-generated MTN recommendation,Airtime
8133718689,1.68,133,True,1.63gb,7.93gb,29.8gb,855mb,42min,252min,1260min,Auto-generated MTN recommendation,None
9069123043,2.31,126,True,1.97gb,12.98gb,60.54gb,1.59gb,57min,228min,912min,Auto-generated MTN recommendation,None
7066120497,1.03,61,True,1.04gb,5.83gb,21.56gb,338mb,22min,110min,440min,Auto-generated MTN recommendation,None
8136693734,2.08,82,True,828mb,4.28gb,16.27gb,1.86gb,11min,77min,231min,Auto-generated MTN recommendation,Airtime
9069264148,4.45,115,True,1.19gb,6.45gb,28.79gb,2.13gb,1min,7min,35min,Auto-generated MTN recommendation,Airtime
9038503880,1.24,121,True,412mb,1.69gb,7.17gb,1.12gb,51min,357min,1428min,Auto-generated MTN recommendation,Airtime
9063778560,0.11,194,True,909mb,4.57gb,15.52gb,40mb,38min,266min,1330min,Auto-generated MTN recommendation,None
8139674909,1.28,150,True,336mb,2.15gb,9.86gb,415mb,51min,306min,1530min,Auto-generated MTN recommendation,None
8038304100,0.21,193,True,201mb,819mb,3.49gb,158mb,37min,259min,777min,Auto-generated MTN recommendation,Data
7034286730,21.75,86,False,828mb,4.47gb,18.86gb,5.13gb,60min,360min,1800min,Auto-generated MTN recommendation,Data
8161772193,0.27,140,True,502mb,3.07gb,13.91gb,66mb,57min,228min,684min,Auto-generated MTN recommendation,None
9035525102,1.9,134,False,1009mb,6.63gb,20.53gb,1.0gb,43min,258min,1290min,Auto-generated MTN recommendation,None
7067486646,22.14,15,True,586mb,3.26gb,14.85gb,17.41gb,8min,40min,120min,Auto-generated MTN recommendation,Data
9039786731,1.3,62,True,1.78gb,11.78gb,43.49gb,339mb,20min,140min,700min,Auto-generated MTN recommendation,Data
8136994603,20.6,85,False,931mb,3.71gb,17.33gb,13.29gb,9min,36min,108min,Auto-generated MTN recommendation,Airtime
7032873920,0.52,107,True,1.44gb,9.76gb,30.89gb,370mb,9min,36min,108min,Auto-generated MTN recommendation,Airtime
9062263173,2.21,116,True,890mb,5.97gb,19.01gb,2.04gb,1min,5min,25min,Auto-generated MTN recommendation,None
9035747621,4.06,44,True,1.99gb,9.87gb,38.35gb,877mb,14min,84min,420min,Auto-generated MTN recommendation,Airtime
7064527042,5.05,61,False,802mb,3.61gb,12.62gb,1.29gb,33min,132min,396min,Auto-generated MTN recommendation,Airtime
7069760515,0.21,347,False,719mb,3.5gb,13.29gb,53mb,35min,245min,1225min,Auto-generated MTN recommendation,Data
7036077750,13.19,65,False,121mb,558mb,2.57gb,8.99gb,42min,294min,1176min,Auto-generated MTN recommendation,None
8135492330,6.45,59,False,1.6gb,7.17gb,27.17gb,2.52gb,10min,70min,210min,Auto-generated MTN recommendation,None
8136820313,1.76,143,True,225mb,1.26gb,4.29gb,1.55gb,1min,7min,35min,Auto-generated MTN recommendation,Airtime
8039965209,10.31,64,True,1.13gb,7.49gb,26.14gb,10.19gb,7min,42min,168min,Auto-generated MTN recommendation,None
8138490329,7.35,91,False,1.07gb,7.03gb,29.35gb,3.81gb,11min,44min,132min,Auto-generated MTN recommendation,Data
8138332269,15.04,62,True,90mb,383mb,1.67gb,8.96gb,47min,282min,846min,Auto-generated MTN recommendation,Airtime
8032249406,0.16,181,False,65mb,364mb,1.23gb,45mb,4min,20min,100min,Auto-generated MTN recommendation,None
8134670842,4.39,54,True,295mb,1.34gb,4.06gb,3.38gb,51min,204min,1020min,Auto-generated MTN recommendation,Data
8133014110,0.28,386,True,1.21gb,6.33gb,27.91gb,11mb,9min,54min,270min,Auto-generated MTN recommendation,Data
7036276622,20.57,47,True,1.71gb,7.3gb,33.06gb,5.16gb,33min,231min,1155min,Auto-generated MTN recommendation,Data
8061795112,7.29,98,True,1.0gb,4.63gb,15.83gb,6.64gb,54min,216min,1080min,Auto-generated MTN recommendation,Data
8061349508,0.95,53,True,483mb,2.89gb,14.16gb,426mb,57min,228min,1140min,Auto-generated MTN recommendation,None
9063640783,3.89,63,False,220mb,1021mb,3.35gb,2.03gb,35min,210min,1050min,Auto-generated MTN recommendation,Airtime
7035971859,1.22,93,True,461mb,2.17gb,7.95gb,698mb,46min,276min,1380min,Auto-generated MTN recommendation,Airtime
8135618996,0.53,98,True,570mb,3.34gb,13.92gb,96mb,44min,220min,660min,Auto-generated MTN recommendation,Data
8062386490,1.74,105,False,147mb,990mb,2.91gb,139mb,35min,140min,420min,Auto-generated MTN recommendation,Data
8066992874,0.19,199,True,1.42gb,6.74gb,29.97gb,84mb,42min,168min,840min,Auto-generated MTN recommendation,None
7067931041,0.22,252,True,408mb,1.67gb,7.8gb,155mb,8min,40min,200min,Auto-generated MTN recommendation,Airtime
8068762055,20.58,22,True,1014mb,4.24gb,19.41gb,14.06gb,59min,354min,1416min,Auto-generated MTN recommendation,None
8037940262,15.52,97,True,301mb,1.83gb,7.9gb,1.68gb,54min,216min,648min,Auto-generated MTN recommendation,Airtime
8067545969,0.09,162,True,539mb,3.52gb,12.06gb,1mb,54min,324min,972min,Auto-generated MTN recommendation,Airtime
8066413859,3.89,35,True,171mb,1.02gb,4.06gb,3.59gb,22min,110min,550min,Auto-generated MTN recommendation,None
8168361380,7.31,42,True,1.14gb,5.44gb,25.33gb,4.92gb,51min,204min,612min,Auto-generated MTN recommendation,Data
7037226568,0.22,267,False,323mb,2.18gb,10.75gb,195mb,40min,280min,1400min,Auto-generated MTN recommendation,Data
7034516133,0.18,281,True,585mb,2.98gb,10.31gb,32mb,33min,132min,528min,Auto-generated MTN recommendation,Data
8166607309,4.3,93,True,961mb,4.95gb,17.5gb,4.29gb,17min,85min,255min,Auto-generated MTN recommendation,Airtime
8163247360,7.87,93,True,1.87gb,9.74gb,35.05gb,1.13gb,22min,132min,528min,Auto-generated MTN recommendation,Data
8164898593,1.7,79,True,1.36gb,6.76gb,28.17gb,1.39gb,36min,180min,900min,Auto-generated MTN recommendation,Data
9069341441,1.72,57,True,1.33gb,7.94gb,29.99gb,737mb,55min,220min,880min,Auto-generated MTN recommendation,Airtime
8061120271,24.67,18,True,1.63gb,10.89gb,43.57gb,22.28gb,55min,220min,1100min,Auto-generated MTN recommendation,Data
9037246035,0.21,262,True,952mb,6.03gb,29.22gb,131mb,45min,180min,720min,Auto-generated MTN recommendation,Data
9064152511,0.05,382,False,1.93gb,13.42gb,60.81gb,15mb,45min,315min,1260min,Auto-generated MTN recommendation,Data
8066402492,1.99,138,True,1.88gb,11.43gb,48.97gb,1.73gb,39min,234min,1170min,Auto-generated MTN recommendation,Data
9067190413,0.19,198,False,41mb,204mb,1007mb,28mb,38min,266min,798min,Auto-generated MTN recommendation,None
7035244223,1.94,86,True,1.25gb,5.69gb,27.78gb,563mb,16min,80min,400min,Auto-generated MTN recommendation,Airtime
8035201629,23.73,16,False,1.25gb,7.44gb,33.27gb,2.9gb,53min,318min,954min,Auto-generated MTN recommendation,Data
8069004521,2.22,150,True,1.42gb,8.99gb,32.94gb,1.74gb,4min,16min,80min,Auto-generated MTN recommendation,Data
7031285501,13.47,28,True,1.99gb,13.7gb,66.58gb,4.26gb,35min,210min,840min,Auto-generated MTN recommendation,Data
9032220762,0.22,153,False,1.9gb,9.79gb,29.87gb,209mb,59min,295min,1475min,Auto-generated MTN recommendation,Airtime
7063038979,0.72,145,True,942mb,5.65gb,24.18gb,290mb,34min,204min,816min,Auto-generated MTN recommendation,Data
8166573943,6.18,119,True,754mb,3.8gb,12.92gb,31mb,19min,95min,475min,Auto-generated MTN recommendation,None
8169687094,5.18,43,True,288mb,1.23gb,6.04gb,3.06gb,22min,132min,660min,Auto-generated MTN recommendation,Airtime
8034888153,0.12,363,True,1.02gb,4.68gb,15.16gb,9mb,30min,150min,600min,Auto-generated MTN recommendation,Data
8165679572,7.97,112,True,1.04gb,7.1gb,22.77gb,3.07gb,39min,195min,975min,Auto-generated MTN recommendation,Airtime
8035743825,3.19,72,True,1.5gb,8.0gb,31.14gb,520mb,39min,273min,819min,Auto-generated MTN recommendation,Data
9034967099,0.77,118,True,794mb,4.45gb,15.79gb,185mb,18min,126min,630min,Auto-generated MTN recommendation,None
7038241152,7.09,73,False,1.66gb,10.85gb,47.32gb,5.54gb,20min,140min,420min,Auto-generated MTN recommendation,Airtime
8032737757,3.72,78,True,1.34gb,9.32gb,34.51gb,3.05gb,6min,24min,72min,Auto-generated MTN recommendation,None
9034977907,18.17,53,True,1.49gb,10.23gb,40.39gb,14.81gb,55min,220min,660min,Auto-generated MTN recommendation,Airtime
9061690029,3.99,33,True,416mb,1.85gb,7.97gb,84mb,13min,65min,195min,Auto-generated MTN recommendation,None
7037724841,2.35,94,True,1.48gb,6.47gb,29.19gb,1.74gb,54min,270min,810min,Auto-generated MTN recommendation,Airtime
7038990082,0.22,100,False,606mb,4.0gb,19.17gb,206mb,45min,225min,1125min,Auto-generated MTN recommendation,Airtime
8037993975,1.87,92,False,1.09gb,5.61gb,18.25gb,155mb,5min,20min,60min,Auto-generated MTN recommendation,Airtime
9066860309,0.2,163,True,97mb,517mb,1.69gb,120mb,42min,168min,672min,Auto-generated MTN recommendation,Airtime
7031308252,0.63,96,True,1.38gb,8.09gb,33.99gb,530mb,6min,36min,180min,Auto-generated MTN recommendation,None
9065109065,6.35,51,False,704mb,4.29gb,15.6gb,2.31gb,0min,0min,0min,Auto-generated MTN recommendation,Airtime
7061698712,1.73,93,True,1.81gb,9.0gb,32.06gb,189mb,54min,324min,972min,Auto-generated MTN recommendation,Data
8138134404,5.7,67,False,873mb,4.22gb,12.81gb,5.34gb,41min,287min,861min,Auto-generated MTN recommendation,Data
9038616000,6.49,72,True,578mb,2.86gb,11.05gb,3.11gb,41min,246min,738min,Auto-generated MTN recommendation,Airtime
8069550113,2.64,56,True,90mb,493mb,2.23gb,2.08gb,4min,16min,48min,Auto-generated MTN recommendation,Airtime
9061981831,0.14,298,False,1.14gb,5.59gb,25.77gb,25mb,2min,12min,36min,Auto-generated MTN recommendation,Data
8137175935,1.13,97,True,1.41gb,9.22gb,36.24gb,689mb,10min,70min,350min,Auto-generated MTN recommendation,Data
8067498720,1.19,128,True,1.4gb,6.09gb,24.45gb,132mb,36min,144min,720min,Auto-generated MTN recommendation,Airtime
8038549449,0.08,113,False,1.38gb,5.68gb,24.74gb,18mb,58min,348min,1044min,Auto-generated MTN recommendation,Data
7068633618,0.2,323,False,1.04gb,6.2gb,25.13gb,179mb,36min,216min,1080min,Auto-generated MTN recommendation,None
8161335862,1.47,63,False,724mb,4.02gb,16.96gb,488mb,46min,322min,1610min,Auto-generated MTN recommendation,Data
8069161247,0.8,118,False,1.17gb,6.92gb,23.06gb,165mb,22min,88min,440min,Auto-generated MTN recommendation,None
7061770150,0.23,100,True,1.13gb,5.2gb,24.28gb,118mb,0min,0min,0min,Auto-generated MTN recommendation,Data
8061659688,0.08,158,False,1.43gb,7.28gb,28.58gb,46mb,28min,140min,420min,Auto-generated MTN recommendation,Data
8032318106,0.13,294,True,1.33gb,6.62gb,29.34gb,112mb,54min,378min,1134min,Auto-generated MTN recommendation,None
7068385829,7.32,75,False,1.17gb,6.95gb,31.04gb,4.73gb,19min,76min,228min,Auto-generated MTN recommendation,Data
7061863374,0.14,313,False,448mb,2.83gb,13.91gb,45mb,42min,210min,1050min,Auto-generated MTN recommendation,None
7064734305,6.65,105,False,1.54gb,8.07gb,36.4gb,5.05gb,56min,336min,1680min,Auto-generated MTN recommendation,Airtime
8069398488,0.1,254,False,790mb,3.69gb,13.96gb,73mb,26min,182min,546min,Auto-generated MTN recommendation,Data
8139370394,17.03,71,False,604mb,3.86gb,14.12gb,963mb,42min,252min,1008min,Auto-generated MTN recommendation,Airtime
8039606750,0.02,280,True,264mb,1.41gb,5.15gb,4mb,41min,164min,492min,Auto-generated MTN recommendation,Data
8135139885,0.28,305,True,1.25gb,5.52gb,21.51gb,171mb,11min,77min,385min,Auto-generated MTN recommendation,None
9034234935,2.58,142,False,1.23gb,7.85gb,23.75gb,262mb,17min,85min,425min,Auto-generated MTN recommendation,None
8061125645,7.79,97,True,1.46gb,7.75gb,24.44gb,4.09gb,10min,50min,150min,Auto-generated MTN recommendation,Airtime
8034866240,1.59,94,False,826mb,4.54gb,20.47gb,484mb,17min,119min,357min,Auto-generated MTN recommendation,Airtime
9062223460,0.52,70,True,53mb,338mb,1.17gb,491mb,21min,84min,336min,Auto-generated MTN recommendation,Data
